name,info_url,img,content
偷惢,/users/32236400/,//pic.qiushibaike.com/system/avtnew/3223/32236400/thumb/20190406211131.jpg?imageView2/1/w/90/h/90,0A0A0AE4B883E585ABE5B281E79A84E697B6E58099EFBC8CE88081E5A688E589A5E4BA86E4B880E5B08FE7A297E7939CE5AD90E4BB81E58786E5A487E7BB99E68891E59083EFBC8CE8A2ABE88081E788B8E79C8BE588B0E4B880E58FA3E7BB99E59083E4BA86EFBC8CE88081E5A688E6B094E79A84E4B88DE8A18CEFBC8CE8B4A3E4BBA4E4BB96E5BF85E9A1BBE589A5E4B880E7A297EFBC8CE4B88DE784B6E4B88DE8AEB8E59083E6999AE9A5ADEFBC8CE784B6E5908EE4B88AE78FADE58EBBE4BA86E38082E5BE85E88081E5A688E8B5B0E5908EEFBC8CE88081E788B8E8BF87E69DA5E997AEE68891E683B3E4B88DE683B3E8A681E99BB6E88AB1E992B1EFBC8CE68891E8AFB4E683B3EFBC8CE4BB96E8AFB4E4BDA0E589A5E4B880E7A297E7939CE5AD90E4BB81E68891E7BB99E4BDA0E4BA94E6AF9BE992B1EFBC8CE68891E4B990E5BE97E5B181E9A2A0E5B181E9A2A0E79A84E5B0B1E7AD94E5BA94E4BA86E38082E589A5E4BA86E695B4E695B4E4B880E4B88AE58D88E6898DE589A5E5A5BDEFBC8CE68BBFE79D80E88081E788B8E7BB99E79A84E4BA94E6AF9BE992B1E5B0B1E58EBBE4B9B0E99BB6E9A39FE59083E4BA86EFBC8CE7AD89E588B0E88081E5A688E4B88BE78FADE59B9EE69DA5E697B6E79C8BE588B0E589A5E5A5BDE79A84E7939CE5AD90E4BB81E79EAAE4BA86E88081E788B8E4B880E79CBCE4B99FE6B2A1E8AFB4E4BB80E4B988EFBC8CE784B6E5908EE997AEE688913AE997BAE5A5B3EFBC8CE68891E8AEA9E4BDA0E788B8E7BB99E4BDA0E79A84E4B880E59D97E992B1E99BB6E794A8E992B1E983BDE4B9B0E4BB80E4B988E5A5BDE59083E79A84E595A6EFBC9FE4B880E59D97E992B1EFBC9FEFBC81E280A6E280A60A0A
,,,0A0A0AE59CA8E9AB98E88083373030E58886E5928C373030E4B887E4BABAE6B091E5B881E4B98BE997B4E79C9FE79A84E79C9FE79A84E5BE88E5A49AE4BABAE4BC9AE98089373030E4B887E59097EFBC9FE68891E79A84E5A4A9EFBC8CE698AFE5BC80E78EA9E7AC91E8BF98E698AFE79C9FE79A84E683B3E4B88DE6988EE799BDEFBC9F0A0A
【天悦】,/users/39805878/,//pic.qiushibaike.com/system/avtnew/3980/39805878/thumb/20181012120111.jpg?imageView2/1/w/90/h/90,0A0A0AE4B880E5AFB9E5BC82E59CB0E6818BE4BABAE6AF8FE5A4A9E59CA8E6898BE69CBAE4B88AE8818AE5A4A9EFBC8CE698BEE7A4BAE8B79DE7A6BBE6B0B8E8BF9CE983BDE698AF313634386B6DE38082E5B9B4E5898DE5A5B3E5ADA9E58F97E4B88DE4BA86E8BF99E7A78DE8B79DE7A6BBE68F90E587BAE58886E6898BEFBC8CE794B7E5ADA9E6B289E9BB98E4B88DE8AFADE38082E999A4E5A495E4B98BE5A49CE5A5B3E5ADA9E59B9EE5AEB6E588B7E696B0E6898BE69CBAEFBC8CE79C8BE588B0E794B7E5ADA9E8B79DE7A6BBE5A5B9E58FAAE69C89312E316B6DEFBC8CE5868DE588B7E696B0EFBC8CE58FAAE69C89302E396B6DE38082E5A5B9E6988EE799BDE58F91E7949FE4BA86E4BB80E4B988EFBC8CE590ABE79D80E783ADE6B3AAE8B5B0E59091E997A8E58FA3E280A6E280A6E5BD93E5A4A9E6999AE4B88AEFBC8CE4BB96E4BBACE79A84E8B79DE7A6BBE58F98E68890E4BA862D35636DEFBC8CE4BA8EE698AFE7ACACE4BA8CE5A4A9E4BB96E4BBACE8BF98E698AFE58886E6898BE4BA86E380820A0A
爱新觉罗·黄瓜,/users/39345969/,//pic.qiushibaike.com/system/avtnew/3934/39345969/thumb/20190519142059.jpg?imageView2/1/w/90/h/90,0A0A0AE4B880E5A4A7E697A9EFBC8CE5B08FE88885E5AD90E59CA8E5AEB6E6978FE7BEA4E9878CE8AFB4E683B3E68DA2E4B8AAE5AE9DE9A9ACEFBC8CE997AEE997AEE59B9BE4B8AAE5A790E5A4ABE6AF8FE4BABAE883BDE5809FE5A49AE5B091E992B1EFBC9FE68891E4BBACE59B9BE4B8AAE4B880E59586E9878FEFBC8CE68891E68A8AE5B08FE88885E5AD90E8B8A2E587BAE4BA86E7BEA47E0A0A
君临天下1978,/users/24803844/,//pic.qiushibaike.com/system/avtnew/2480/24803844/thumb/20150115162423.jpg?imageView2/1/w/90/h/90,0A0A0AE5889AE5889AE58EBBE58E95E68980E68B89E5B18EEFBC8CE68B89E5AE8CE58F91E78EB0E6B2A1E7BAB8E4BA86EFBC8CE784B6E5908EE4BB8EE59E83E59CBEE6A1B6E689BEE794A8E8BF87E79A84E58791E59088E79D80E693A6E4BA860A0A
孤犬落寞吠,/users/15869939/,//pic.qiushibaike.com/system/avtnew/1586/15869939/thumb/20190116160351.jpg?imageView2/1/w/90/h/90,0A0A0AE5A484E4BA8633E5B9B4E79A84E5A5B3E69C8BE58F8BE5AFB9E68891E7A7B0E591BCE79A84E58F98E58C96EFBC9AE9BE99E593A5E38081E998BFE9BE99E28692E4BAB2E788B1E79A84E38081E88081E585ACE28692E4BA8CE88396E28692E9AA9AE78CAAE28692E997B7E5A2A9E584BFE28692E5A4A7E5B181E79CBCE380820A0A
老巫婆～～,/users/34246786/,//pic.qiushibaike.com/system/avtnew/3424/34246786/thumb/20190609211847.jpg?imageView2/1/w/90/h/90,0A0A0AE887ADE5B08FE5AD90E7BB8FE5B8B8E68C91E9A39FEFBC8CE9A5ADE9878FE4B99FE4B88DE5A4A7EFBC8CE4B8BAE6ADA4E6B2A1E5B091E68F8DE4BB96E38082E698A8E5A4A9E887ADE5B08FE5AD90E7AA81E784B6E5AFB9E68891E8AFB4E4BB96E8A681E59083E5A4A7E7A297E9A5ADEFBC81E4B8BAE6ADA4E68891E5BE88E698AFE6ACA3E685B0EFBC81E4BB8AE5A4A9E79C8BE79D80E887ADE5B08FE5AD90E7ABAFE79D80E4B880E4B8AAE5A4A7E7A297EFBC8CE9878CE99DA2E8A385E79D80E4B880E5B08FE59DA8E9A5ADEFBC8CE79CBCE79D9BE4BAAEE699B6E699B6E59CB0E79C8BE79D80E68891EFBC8CE68891E58F88E6898BE79792E79A84E683B3E68F8DE4BB96E4BA86EFBC810A0A
西班牙蚊子,/users/32574171/,//pic.qiushibaike.com/system/avtnew/3257/32574171/thumb/20190504134232.jpg?imageView2/1/w/90/h/90,0A0A0AE5889AE8818AE588B0E9AB98E88083E7BB93E69D9FE4BA86EFBC8CE4BD9CE4B8BAE4B880E4B8AAE8BF87E69DA5E4BABAEFBC8CE69C89E587A0E782B9E5BBBAE8AEAE3A20312EE588ABE783A7E4B9A6EFBC8C20E58FAFE883BDE4BC9AE5A48DE8AFBBEFBC8C322EE588ABE58886E6898BEFBC8C20E5A4A7E5ADA6E79A84E69BB4E4B891E38082332EE585B3E4BA8EE5BF97E684BFE5A1ABE68AA5EFBC8C20E794B7E7949FE58EBBE78FA0E4B889E8A792E6AF94E8BE83E5A5BDEFBC8CE99DA0E8BF91E885BEE8AEAFE680BBE983A8E5BBB6E8BF9FE4BD8EEFBC8CE5A5B3E7949FE58EBBE995BFE4B889E8A792E5A5BDE4BA86EFBC8CE6B19FE6B599E6B2AAE58C85E982AEEFBC8CE5BFABE98092E6AF94E8BE83E5BFABEFBC8CE5B88CE69C9BE5BBBAE8AEAEE4B8ADE882AFE69C89E794A8E380825BE59388E593885D5BE59388E593885D5BE59388E593885D0A0A
莫纳的世界,/users/30120003/,//pic.qiushibaike.com/system/avtnew/3012/30120003/thumb/20190605165037.jpg?imageView2/1/w/90/h/90,0A0A0AE69C89E4B8AAE5A5B3E5908CE4BA8BE680BBE697A9E98080E587A0E58886E9929FEFBC8CE68891E997AEE5A5B93AE4BDA0E697A9E8B5B0E587A0E58886E9929FE883BDE5B9B2E595A5EFBC9FE5A5B93AE6AF8FE5A4A9E983BDE69C89E4B88DE5908CE79A84E4BABAE68EA5E68891EFBC8CE58F88E983BDE4B88DE698AFE68891E88081E585ACEFBC8CE8AEA9E588ABE4BABAE79C8BE588B0E4B88DE5A5BDEFBC81E59183E280A6E280A6E8BF99E79086E794B1E68891E8B7AAE4BA86EFBC81E789B9E4B988E4BDA0E68993E4B8AAE9A1BAE9A38EE8BDA6E8AFB4E5BE97E982A3E4B988E588BAE6BF80E5B9B2E5989BEFBC810A0A
平行的恶魔,/users/3246622/,//pic.qiushibaike.com/system/avtnew/324/3246622/thumb/20130101230417.jpg?imageView2/1/w/90/h/90,0A0A0AE4BB8AE5A4A9E79C8BE5A8B1E4B990E9A291E98193EFBC8CE9878CE99DA2E8AF84E5B9B4E5BAA6E69C80E4BDB3E8ADA6E58CAAE78987E698AFE3808AE4BDBFE5BE92E8A18CE88085E3808BEFBC8CE9878CE99DA2E69C89E4B880E4B8AAE78987E6AEB5E38082E9BB91E5B8AEE88081E5A4B4E8AFADE9878DE5BF83E995BFE79A84E8AFB4E98193EFBC9AE2809CE78EB0E59CA8E883BDE5B8AEE68891E79A84EFBC8CE58FAAE69C89E4BDA0E4BBACE4B889E4B8AAE4BA86E38082E2809DE5908EE99DA2E4B889E4B8AAE4BABAE4B880E884B8E4B8A5E88283E79A84E7AB99E79D80EFBC8CE4B88BE99DA2E4B880E8A18CE5AD97EFBC8CE8BF99E4B889E4B8AAE585A8E698AFE58DA7E5BA95E38082E9A1BFE697B6E7AC91E5B0BFE380820A0A
上课不准喝酒.,/users/24703920/,//pic.qiushibaike.com/system/avtnew/2470/24703920/thumb/20181211204054.jpg?imageView2/1/w/90/h/90,0A0A0AE78B97E5AD90E8BABAE998B3E58FB0E4B880E4B88BE58D88E4BA86EFBC8CE68891E68BBFE78B97E7B2AEE6808EE4B988E8AFB1E68391E983BDE4B88DE58AA8EFBC81E88081E5A688E4BB8EE5A496E99DA2E59B9EE69DA5EFBC8CE68891E8B5B6E7B4A7E7BB99E88081E5A688E8AFB4E8BF99E4BA8BEFBC8CE68891E997AEE88081E5A6883AE78B97E5AD90E698AFE4B88DE698AFE4B8ADE69A91EFBC8CE6ADBBE4BA86E5958AEFBC9FE88081E5A6883AE6ADBBE4BA86EFBC9FE982A3E68891E5889AE4B9B0E79A84E9B8A1E885BFE68993E7AE97E59682E5AE83E79A84EFBC8CE982A3E697A2E784B6E6ADBBE4BA86EFBC8CE4BDA0E68A8AE9B8A1E885BFE59083E4BA86E590A7EFBC81E68891E68EA5E8BF87E9B8A1E885BFE5889AE8A681E592ACEFBC8CE78B97E5AD90E4BB8EE998B3E58FB0E4B880E4B88BE5AD90E7AA9CE4BA86E8BF87E69DA5EFBC8CE4B880E5A4B4E6929EE68891E5B181E882A1E4B88AE68A8AE68891E694BEE58092EFBC8CE58FBCE8B5B7E9B8A1E885BFE5B0B1E8B791E4BA86EFBC8CEFBC8CEFBC8CE68891E9B8A1E885BFE6B2A1E59083E588B0EFBC8CE8BF98E68A8AE5B181E882A1E69194E79A84E7949FE796BCE280A6E280A6E88081E5A688E7AC91E79A84E6A0B9E69CACE5819CE4B88DE4B88BE69DA5E280A6E280A60A0A
西门大嫂嫂,/users/41824391/,//pic.qiushibaike.com/system/avtnew/4182/41824391/thumb/20190514162208.jpg?imageView2/1/w/90/h/90,0A0A0AE997BAE89C9CE5918AE8AF89E68891EFBC8CE5A5B9E58F91E78EB0E5A5B9E88081E585ACE587BAE8BDA8E4BA86E38082E4BD86E698AFE4BDA0E4B887E4B887E6B2A1E683B3E588B0E5A5B9E698AFE4BB8EE593AAE9878CE58F91E78EB0E79A84EFBC81E5B185E784B6E698AFE4BB8EE69F90E5AE9DE68385E4BEA3E8A385E79A84E4B9B0E5AEB6E7A780E59BBEE78987E9878CE79C8BE588B0E4BA86E5A5B9E88081E585ACE5928CE588ABE79A84E5A5B3E4BABAE79A84E59088E785A7E38082E59388E59388E59388E59388E59388E59388E59388E788B1E7A780E681A9E788B1E69992E59BBEE5A5BDE8AF84E79A84E5A6B9E5AD90E4BBACE58FAFE995BFE782B9E5BF83E590A70A0A
手倦拋书,/users/32757367/,//pic.qiushibaike.com/system/avtnew/3275/32757367/thumb/20190529234130.jpg?imageView2/1/w/90/h/90,0A0A0AE5BC80E8BDA6E58EBBE5A5B3E58AA9E79086E5AEB6E6A5BCE4B88BE68EA5E5A5B9E4B880E8B5B7E587BAE5B7AEEFBC8CE8A781E5A5B9E7A9BFE4BA86E9AB98E8B79FE99E8BE5928CE7899BE4BB94E8A3A4E4B88BE69DA5EFBC8CE68891E68C87E4BA86E68C87E5A5B9E79A84E8849AE68F90E98692E981933AE696B9E4BEBFE5BC80E8BDA6EFBC9FE5A5B9E592ACE79D80E598B4E59487E58D8AE5938DEFBC8CE8BDACE8BAABE4B88AE58EBBE38082E58D81E5A49AE58886E9929FE5908EE4B88BE69DA5E4BA86EFBC8CE7899BE4BB94E8A3A4E68DA2E4BA86E8B685E79FADE8A399EFBC8CE99E8BE5AD90E68DA2E5BE97E69BB4E9AB98E4BA86E38082E5A5B9E68D8FE4BD8FE8A399E691863AE4B88DE6BD9CE8A784E58899E58FAFE4BBA5E4B988EFBC9F0A0A
谈恋爱的火龙果,/users/38703768/,//pic.qiushibaike.com/system/avtnew/3870/38703768/thumb/20190409090527.jpg?imageView2/1/w/90/h/90,0A0A0AE8BF98E8AEB0E5BE97E5BD93E5B9B4E68891E69DA5E99DA2E8AF95E79A84E697B6E58099EFBC8CE88081E69DBFE997AEE68891E79A84E69C80E5908EE4B880E4B8AAE997AEE9A298E698AFEFBC9AE2809CE69C80E5908EE4B880E4B8AAE997AEE9A298EFBC8CE5A682E69E9CE8AEA9E4BDA0E68A8AE68891E99DA2E5898DE4B880E59D97E992B1E79A84E79FBFE6B389E6B0B4E58D96E588B0333030EFBC8CE4BDA0E4BC9AE6808EE4B988E5819AEFBC9FE2809DE68891EFBC9AE2809CE8BF99E280A6E280A6E2809DE88081E69DBFEFBC9AE2809CE5819AE588B0E79A84E8AF9DE7AB8BE9A9ACE5BD95E794A8E4BDA0E38082E2809DE68891EFBC9AE2809C4F4BEFBC8CE68891E4B9B0E4BA86EFBC81E2809D0A0A
,,,0A0A0AE7B397E58F8BE4BBACEFBC8CE68891E8BF87E5AE8CE5B9B4E5B0B13236E5B281E4BA86EFBC8CE794B7E58F8BE8B088E4BA86E5BFAB35E5B9B4E4BA86EFBC8CE6849FE68385E5A5BDEFBC8CE69DA5E8BF87E68891E5AEB6E4BA86EFBC8CE68891E788B6E6AF8DE5AFB9E4BB96E68CBAE6BBA1E6848FEFBC8CE68891E4B99FE58EBBE8BF87E4BB96E5AEB6E4BA86EFBC8CE4BB96E788B6E6AF8DE5AFB9E68891E4B99FE5BE88E6BBA1E6848FEFBC8CE68891E4BBACE4B8A4E59CB0E79A84EFBC8CE4BB96E4BB8AE5B9B4E4B889E69C88E4BBBDE58EBBE4B9B0E8BDA6EFBC8CE887B3E4BA8EE688BFEFBC8CE4BB96E59CA8E69DADE5B79EEFBC8CE68891E59CA8E7BB8DE585B4EFBC8CE4BB96E788B6E6AF8DE59CA8E58FB0E5B79EEFBC8CE4BB96E88081E5AEB6E8A681E980A0E688BFE5AD90EFBC8CE58F88E8A681E4B9B0E8BDA6EFBC8CE6B2A1E992B1E4B9B0E688BFEFBC8CE68891E5B7A5E4BD9CE59CA8E7BB8DE585B4EFBC8CE585ACE58AA1E59198EFBC8CE4BB96E5B7A5E4BD9CE59CA8E69DADE5B79EEFBC8CE88BA5E588B0E8AFB8E69AA8E6B2A1E58F91E5B195E7A9BAE997B4E38082E784B6E5908EE4BB96E5928CE4BB96E8A1A8E593A5E4BB8AE5A4A9E69DA5E68891E5AEB6EFBC8CE8AFB4E6988EE4BA86E8A681E5AE9AE4BAB2E79A84E6848FE6809DEFBC8CE68891E788B8E689A7E6848FE8A681E4BB96E59CA8E7BB8DE585B4E8BF99E8BEB9E4B9B0E688BFEFBC8CE585B6E4BB96E58F8DE6ADA3E5A4AAE995BFE4BA86E5B0B1E4B88DE8AFB4E4BA86EFBC8CE9878DE782B9E69DA5E4BA86EFBC8CE4BB96E4BBACE8B5B0E4BA86E4B98BE5908EE68891E788B8E8B79FE68891E8AFB4EFBC8CE4BDA0E5AB81E587BAE58EBBE8BF98E697A9EFBC8CE5A49AE5B8AEE5AEB6E9878CE4B8A4E4B889E5B9B4EFBC8CE4B88DE8A681E5AB81E587BAE58EBBE38082E5908EE69DA5E68891E5A688E5B185E784B6E4B99FE8BF99E4B988E8B79FE68891E8AFB4EFBC8CE8BF98E8A681E68891E8B79FE794B7E58F8BE788B60AE280A60AE69FA5E79C8BE585A8E69687
若相守何要离,/users/18671617/,//pic.qiushibaike.com/system/avtnew/1867/18671617/thumb/20150627170253.jpg?imageView2/1/w/90/h/90,0A0A0AE79C8BE8BF87E8BF98E69C89E4B880E69CACE5A587E891A9E79A84E5B08FE8AFB4E38082E794B7E4B8BBE7BB8FE8BF87E58D83E8BE9BE4B887E88BA6E7BB88E4BA8EE4BFAEE782BCE588B0E4BA86E5A4A7E4B998E69C9FEFBC8CE9A39EE58D87E4BB99E7958CEFBC8CE7BB93E69E9CE58D8AE8B7AFE4B88AE7BCBAE6B0A7E8808CE6ADBBEFBC8CE4B8B4E6ADBBE5898DE8BF98E7BB99E585B6E4BB96E5908CE997A8E5968AE98193E2809CE58D83E4B887E588ABE9A39EE58D87EFBC8CE8B68AE5BE80E4B88AE6B0A7E6B094E8B68AE5B091EFBC8CE68891E5B7B2E7BB8FE5BFABE8A681E8A2ABE6868BE6ADBBE4BA86EFBC8CE8808CE4B894E68891E5B7B2E7BB8FE79C8BE588B0E7A596E5B888E788B7E8BF98E69C89E585B6E4BB96E5898DE8BE88E79A84E5B0B8E4BD93E4BA86EFBC8CE983BDE698AFE99DA2E79BAEE99D92E7B4ABEFBC8CE7BCBAE6B0A7E8808CE6ADBBE38082E2809DE784B6E5908EE794B7E4B8BBE4B99FE7BCBAE6B0A7E8808CE6ADBBEFBC8CE585A8E4B9A6E7BB93E69D9FE380820A0A
你不懂蛋蛋的忧伤,/users/4584650/,//pic.qiushibaike.com/system/avtnew/458/4584650/thumb/20130704191007.jpg?imageView2/1/w/90/h/90,0A0A0AE5A4A7E4B880E690ACE8BF9BE5AEBFE8888DE9878CEFBC8CE585ADE4B8AAE4BABAE59CA8E6AF8FE4B8AAE4BABAE79A84E69F9CE5AD90E9878CE983BDE58F91E78EB0E4BA86E88BB1E58F94E5908CE6ACBEE98193E8A28DE5928CE69CA8E58991E8BF98E69C89E9BB84E7ACA6E7BAB8EFBC8CE784B6E5908EE5AEBFE8888DE6A18CE5AD90E4B88AE8BF98E69C89E4B880E5B081E4BFA1EFBC8CE8AFB4E8BF99E4B8AAE5AEBFE8888DE9878CE69C89E681B6E9ACBCEFBC8CE4BB96E4BBACE5B7B2E7BB8FE69697E4BA86E59B9BE5B9B4E4BA86EFBC8CE8AFA5E68DA2E68891E4BBACE4BA86EFBC8CE4BFA1E9878CE99DA2E789B9E4B988E8BF98E58699E79D80E6B2BBE9ACBCE79A84E696B9E6B395EFBC8CE4BBA5E58F8AE69CA8E58991E79A84E697A5E5B8B8E4BF9DE585BBE8BF98E69C89E59084E7A78DE7ACA6E7BAB8E79A84E794BBE6B395EFBC8CE69C80E7899BE980BCE79A84E698AFEFBC8CE4BFA1E9878CE58699E79D80E8AFB4E5AEBFE8888DE9878CE585ADE4B8AAE4BABAE4B880E5AE9AE8A681E79599E79D80E4B880E4B8AAE7ABA5E5AD90E4B98BE8BAABE79A84E8888DE58F8BEFBC8CE58DB1E680A5E697B6E588BBE883BDE69591E4BABAE591BDEFBC810A0A
厨伴娘,/users/13790806/,//pic.qiushibaike.com/system/avtnew/1379/13790806/thumb/20181211213315.jpg?imageView2/1/w/90/h/90,0A0A0AE69F90E5A4A9EFBC8CE59CA8E4B88AE9AB98E4B8ADE789A9E79086E8AFBEE4B88AEFBC8CE7AA81E784B6E58692E587BAE4B880E4B8AAE997AEE9A298EFBC8CE4BD86E698AFE789A9E79086E88081E5B888E8A7A3E586B3E4B88DE4BA86EFBC8CE58FAAE883BDE997AEE997AEE4BDA0E4BBACE4BA86EFBC8CE4BDA0E4BBACE8AFB4E5B0BFE59CA8E4B880E4B8AAE68F92E794B5E79A84E68F92E68E92E4B88AEFBC8CE4BC9AE4B88DE4BC9AE794B5E6ADBBEFBC9F0A0A
花落彼岸～任逍遥,/users/30545015/,//pic.qiushibaike.com/system/avtnew/3054/30545015/thumb/20190519171120.jpg?imageView2/1/w/90/h/90,0A0A0AE69C89E4B880E6ACA1E5BF98E8AEB0E7BB99E68891E5AEB6E9878CE79A84E78B97E5AD90E59682E9A39FE4BA86EFBC8CE78B97E9A39FE79B86E5AD90E7A9BAE4BA86E5BFABE4B8A4E5A4A9E4BA86EFBC8CE6999AE4B88AE68891E5889AE8BABAE78295E4B88AE58786E5A487E79DA1E8A789EFBC8CE78B97E5AD90E5B185E784B6E4BB8EE5B18BE5A496E68A8AE78B97E9A39FE79B86E58FBCE4BA86E8BF87E69DA5EFBC8CE784B6E5908EE68A8AE78B97E9A39FE79B86E5AD90E5BE80E78295E4B88AE4B880E794A9EFBC8CE796AFE78B82E79A84E58FABE594A4EFBC8CE982A3E6848FE6809DE5BA94E8AFA5E5B0B1E698AFE2809CE5BFABE7BB99E88081E5AD90E59682E9A5ADEFBC8CE88081E5AD90E9A5BFE796AFE595A60A0A
无敌小东哥123,/users/22343431/,//pic.qiushibaike.com/system/avtnew/2234/22343431/thumb/20160112104930.jpg?imageView2/1/w/90/h/90,0A0A0AE8AFB4E4B8AAE79C9FE4BA8BEFBC81E6A5BCE4B8BBE698A8E6999AE5969DE696ADE78987E4BA86EFBC81E69C8BE58F8BE590A7E68891E98081E59B9EE5AEB6E79A84EFBC81E4BB8AE697A9E8B5B7E69DA5E88081E5A986E5928CE68891E5A4A7E590B5E4BA86E4B880E69EB6EFBC81E58E9FE59BA0E698AFE68891E884B8E4B88AE5928CE88496E5AD90E4B88AE69C89E58FA3E7BAA2E58DB0EFBC81E68891E4BFA9E590B5E69EB6E68A8AE88081E5A688E7BB99E68B9BE69DA5E4BA86EFBC81E4B88AE69DA5E5B0B1E698AFE4B880E4B8AAE880B3E58589EFBC81E588B0E78EB0E59CA8E8BF98E59CA8E59B9EE683B3E698A8E6999AE5B9B2E4BB80E4B988E58EBBE4BA86EFBC81EFBC81E79C9FE79C9FE683B3E4B88DE8B5B7E69DA5E4BA86EFBC81EFBC810A0A
奔跑的小土狼,/users/37507340/,//pic.qiushibaike.com/system/avtnew/3750/37507340/thumb/20190301191037.jpg?imageView2/1/w/90/h/90,0A0A0AE58EBBE5A496E59CB0E587BAE5B7AEEFBC8CE79C8BE4B8ADE4B880E9A1B6E6B894E5A4ABE5B8BDE5B0B1E4B9B0E4BA86E4B88BE69DA5E8BF99E6ACA1E587BAE5B7AEE789B9E588ABE9A1BAE588A9EFBC8CE68F90E5898DE4B8A4E5A4A9E5B0B1E59B9EE69DA5E4BA86E68891E6B2A1E5918AE8AF89E5AAB3E5A687E584BFEFBC8CE683B3E7BB99E5A5B9E4B880E4B8AAE6838AE5969C7E7EE68891E5BC80E99481E8BF9BE5B18BEFBC8CE6849FE8A789E5A4B4E4B88AE4B880E58789E38082E58E9FE69DA5E5B8BDE5AD90E8A2ABE997A8E6A186E4B88AE883B6E5B8A6E7B298E4BD8FE4BA86E5AAB3E5A687E584BFE59CA8E4B880E8BEB9E584BFE59388E59388E5A4A7E7AC91E68891E8AFB4E5A5B9EFBC9AE4BDA0E5928BE79FA5E98193E68891E4BB8AE5A4A9E59B9EE69DA5EFBC9FE4BDA0E8AFB4E4BDA0E69C89E5A49AE7ACA8E5958AEFBC8CE68891E6898DE4B880E7B1B3E4B883EFBC8CE4BDA0E68A8AE883B6E5B8A6E5BC84E982A3E4B988E9AB98EFBC8CE8A681E4B88DE698AFE68891E688B4E79D80E5B8BDE5AD90EFBC8CE68CA8E983BDE68CA8E4B88DE79D800A0A
(糗名昭著)~魅儿,/users/27990908/,//pic.qiushibaike.com/system/avtnew/2799/27990908/thumb/20181208224000.jpg?imageView2/1/w/90/h/90,0A0A0AE5889AE8B088E6818BE788B1E697B6EFBC8CE794B7E58F8BE8AFB7E68891E5928CE997BAE89C9CE4BBACE59083E9A5ADEFBC8CE695B4E4B8AAE9A5ADE5B180E4BB96E5B0B1E4BCB8E587A0E4B88BE7ADB7E5AD90E38082E997BAE89C9CE4BBACE4B880E887B4E5A4B8E4BB96E6B8A9E69687E5B094E99B85EFBC8CE59B9EE69DA5E8B7AFE4B88AE68891E997AEE4BB96EFBC9AE4BDA0E6808EE4B988E4B88DE59083E59180EFBC9FE4BB96E58FB9E4BA86E58FA3E6B094E8AFB4EFBC9AE982A3E88F9CE4B880E58092E4B88BE58EBBE99485E9878CE7ADB7E5AD90E5B0B1E5838FE5BC80E4B890E5B8AEE5A4A7E4BC9AEFBC8CE68891E68AA2E4B88DE588B0E5958AE280A6E280A60A0A
芭芘红颜,/users/204128/,//pic.qiushibaike.com/system/avtnew/20/204128/thumb/20180322153205.JPEG?imageView2/1/w/90/h/90,0A0A0AE68891E997AEE4B880E4B88BEFBC8CE4BDA0E4BBACE79C9FE69C89E4B88AE58E95E68980E5BF85E9A1BBE587BAE5A3B0E79A84E4BABAE59097EFBC9FE999AAE5ADA9E5AD90E59CA8E59586E59CBAE6B8B8E4B990E59CBAE78EA9EFBC8CE68891E58EBBE4B88AE58E95E68980EFBC8CE69CACE69DA5E683B3E5A4A7E6B4BBE584BFEFBC8CE7BB93E69E9CE69781E8BEB9E4B880E4B8AAE5A5B3E79A84E4B880E79BB4E59CA8E982A3E597AFE597AFE5958AE5958AE79A84E591BBE5909FEFBC8CE4BDA0E8AFB4E4BDA0E4B88AE4B8AAE58E95E68980E8A681E4B88DE8A681E8BF99E4B988E99480E9AD82EFBC9FE5AE8CE585A8E5BDB1E5938DE68891E58F91E68CA5EFBC81E98381E997B7EFBC810A0A
哈和嗨,/users/30523052/,//pic.qiushibaike.com/system/avtnew/3052/30523052/thumb/20151026215115.jpg?imageView2/1/w/90/h/90,0A0A0AE4BB8AE5A4A9E5928CE88081E5A986E590B5E69EB6E38082E5A5B9E4B880E6B094E4B98BE4B88BE7A6BBE5AEB6E587BAE8B5B0E4BA86EFBC8CE6999AE4B88AE8BF98E6B2A1E59B9EE69DA5EFBC8CE4BA8EE698AFE58EBBE4B888E6AF8DE5A898E5AEB6E689BEE38082E8BF9BE5B18BE4B880E79C8BE6B2A1E4BABAEFBC8CE4B888E6AF8DE5A898E997AEE6808EE4B988E4BA86EFBC8CE68891E8AFB4E590B5E69EB6E4BA86E38082E4B888E6AF8DE5A898E8AFB43AE68891E68993E794B5E8AF9DE7BB99E4BDA0E997AEE997AEE5A5B9E59CA8E593AAE38082E68891E68A8AE794B5E8AF9DE68BA8E9809AE4BA86E7BB99E4B888E6AF8DE5A898EFBC8CE68C89E79A84E5858DE68F90EFBC8CE794B5E8AF9DE5889AE9809AE5B0B1E590ACE794B5E8AF9DE982A3E5A4B4E8AFB43AE88081E585ACEFBC8CE68891E99499E4BA86EFBC8CE4BB8AE5A4A9E698AFE68891E4B88DE5AFB9EFBC8CE68891E4BB8AE6999AE4BD8FE68891E5A688E5AEB6EFBC8CE999AAE68891E5A688E4B880E5A4A9EFBC8CE6988EE5A4A9E5B0B1E59B9EE69DA5E4BA86E38082E688913AE280A6E280A60A0A
骑驴回娘家的小媳妇,/users/5153235/,//pic.qiushibaike.com/system/avtnew/515/5153235/thumb/20150225195741.jpg?imageView2/1/w/90/h/90,0A0A0AE5898DE4B880E998B5E5AD90E5928CE68891E590B5E69EB6E4BBA5E5908EE4B88DE5868DE88194E7B3BBE68891E79A84E593A5E4BBACE4BB8AE5A4A9E7AA81E784B6E68993E794B5E8AF9DE7BB99E68891E8B594E7A4BCE98193E6AD89EFBC8CE69CACE4BABAE5BF83E883B8E5BC80E5B9BFE58E9FE8B085E4BB96E4BA86EFBC8CE784B6E5908EE4BB96E8B79FE68891E8AFB4E4BB96E78EB0E59CA8E59CA8E6BEA1E5A082EFBC8CE5BF98E4BA86E5B8A6E58685E8A3A4E8BF87E58EBBEFBC8CE884B1E4B88BE69DA5E694BEE59CA8E5A496E99DA2E79A84E8A1A3E69C8DE8A2ABE588ABE4BABAE9A1BAE8B5B0E4BA86EFBC8CE5B88CE69C9BE68891E5B8AEE4BB96E98081E58685E8A3A4E38082E68891E69C9BE79D80E4BB96E79A84E8A2ABE68891E9A1BAE59B9EE69DA5E79A84E8A1A3E69C8DEFBC8CE69E9CE696ADE68C82E4BA86E794B5E8AF9DE380820A0A
分金定穴第一人,/users/28156516/,//pic.qiushibaike.com/system/avtnew/2815/28156516/thumb/20180911194923.jpg?imageView2/1/w/90/h/90,0A0A0AE4BD86E5AFB9E4BA8EE587BAE8BAABE8B4ABE5AF92E79A84E68891EFBC8CE99DA2E5AFB9E4BA8EE8BF99E6A0B7E79A84E78EAFE5A283E982A3E79C9FE79A84E5B08FE584BFE7A791EFBC81E59B9EE683B3E5BD93E5B9B4E59CA8E5B1B1E6B29FE9878CE79A84E88081E5B18B3AE6AF8FE588B0E5A49CE6B7B1E4BABAE99D99EFBC8CE88097E5AD90E68890E7BEA4E7BB93E9989FE59CB0E59CA8E688BFE6A281E4B98BE4B88AE5BC807061727479EFBC81E983BDE8AFB4E2809CE4B889E58D81E5B9B4E6B2B3E4B89CEFBC8CE4B889E58D81E5B9B4E6B2B3E8A5BFE2809DE8808CE68891E8BF99E4B889E58D81E4BD99E8BDBDE79A84E4B8ADE5BF83E8BDB4E4BB8EE69CAAE694B9E58F98EFBC81E5928CE68891E4BD8FE59CA8E8BF993430E5A49AE5B9B3E7B1B3E79A84E9998BE5AEA4E9878CE698AFE68891E79A84E5908CE4BA8B3AE5889AE5AD90EFBC81E4B880E884B8E79A84E7BB9CE885AEE883A1EFBC8CE981AEE68EA9E4B88DE4BD8FE4BB96E79A84E880BFE79BB4E5928CE8B1AAE788BDEFBC81E58FAFE883BDE5AEB6E5BAADE79A84E7949FE6B4BBE7BB99E4BA86E4BB96E58E8BE58A9BEFBC8CE8AEA9E4BB96E9A2A0E6B29BE6B581E7A6BBE59CB0E6B2A6E4B8BAE68891E79A84E5908CE4BA8BEFBC81E694BEE79D80E59CA8E58FA4E4BBA3E5838FE68891E4BBACE78EB0E59CA8E79A84E8818CE4B89AE58FABE5819A3AE5A5B4E6898DEFBC81E694B6E59B9EE6809DE7BBAAEFBC8CE68891E4BEBFE8B8B1E6ADA5E69DA5E588B0E7A0B4E697A7E4B88DE5A0AAE79A84E6BEA1E5A082EFBC8CE79C8BE79D80E982A33435E5BAA6E79A84E6B0B4E6B8A9EFBC8CE5B88CE69C9BE5AE83E883BDE6B497E58780E68891E4B880E8BAABE79A84E796B2E683ABE5928CE59BB0E7A9B7EFBC81E4B880E795AAE69093E6B497E4B880E795AAE696B0EFBC81E999A4E58EBBE4B880E8BAABE79A84E781B0E59C9FE5928CE9BB84E6B2B9E6B88DEFBC810AE280A60AE69FA5E79C8BE585A8E69687
吃了两碗又盛,/users/32215536/,//pic.qiushibaike.com/system/avtnew/3221/32215536/thumb/20181122212921.jpg?imageView2/1/w/90/h/90,0A0A0AE4BEBFE588A9E5BA97E4B9B0E9BB84E7939CEFBC8CE88081E69DBFE5A898E8AFB43AE8BF99E9BB84E7939CE4B88DE99499EFBC8CE68891E6AF8FE5A4A9E6999AE4B88AE983BDE4BC9AE59083E4B8A4E6A0B9E38082E68891E782B9E5A4B4E99984E5928C3AE68891E4B99FE698AFE38082E5B0B1E590ACE5A5B9E68EA5E79D80E8AFB43AE8BF99E6A0B7E5B0B1E4B88DE794A8E59083E6999AE9A5ADE4BA86EFBC8CE697A2E581A5E5BAB7E58F88E5878FE882A5E38082E8BF99E8AF9DE5A4B4E68891E5B0B1E4B88DE883BDE68EA5E4BA86EFBC8CE68891E983BDE698AFE9A5ADE5908EE59083E79A840A0A
小紫月儿,/users/32450814/,//pic.qiushibaike.com/system/avtnew/3245/32450814/thumb/20170413115451.JPEG?imageView2/1/w/90/h/90,0A0A0AE9AA91E887AAE8A18CE8BDA6E8A2ABE4B880E696B0E79686E4BABAE581B7E992B1EFBC8CE6849FE8A789E588B0E4BA86EFBC81E5819CE4B88BE69DA5E5A4A7E9AA82E4BB96E4B880E9A1BFEFBC8CE784B6E5908EE8AEA9E4BB96E8B5B0E4BA86E38082E79BB4E588B0E59B9EE5AEB6E6898DE58F8DE5BA94E8BF87E69DA5EFBC8CE992B1E6B2A1E69C89E8A681E59B9EE69DA55BE5A4A7E593AD5D0A0A
鹰嫂,/users/30313957/,//pic.qiushibaike.com/system/avtnew/3031/30313957/thumb/20180111001825.JPEG?imageView2/1/w/90/h/90,0A0A0AE5B9B3E697B6E5BF99EFBC8CE5AEB6E9878CE79A84E4BA8BE68385E88081E585ACE689BFE58C85E4BA86EFBC8CE5898DE5A4A9E5B08FE99BA8E8A1A3E69C8DE6B78BE6B9BFE4BA86EFBC8CE78E9BE79A84E6B591E8BAABE58692E882A5E79A82E6B3A1EFBC8CE5908CE4BA8BE983BDE8AFB4E68891E6BC8FE6B094E4BA86EFBC81E794B7E4BABAE4B88DE68993E698AFE79C9FE4B88DE8A18CE4BA86EFBC810A0A
淋雨街头,/users/5800495/,//pic.qiushibaike.com/system/avtnew/580/5800495/thumb/20170711101533.JPEG?imageView2/1/w/90/h/90,0A0A0AE8838CE699AFEFBC9AE5898DE587A0E5A4A9E68DA2E781AFE6B3A1EFBC8CE7BB93E69E9CE79FADE8B7AFEFBC8CE4B880E8B7AFE781ABE88AB1E5B8A6E997AAE794B5EFBC8CE68A8AE68891E5BC80E8A1ABE8A1ACE8A1A3E7A78BE8A1A3E585A8E983A8E783A7E9808FEFBC8CE783ABE588B0E8838CE4B88AE79A84E88289EFBC8CE8B79FE5A5B3E69C8BE58F8BE8AFB4E4BA86EFBC8CE5A5B3E58F8BE8AFB4E5B9B8E4BA8FE783ABE79A84E698AFE68891EFBC8CE4BA8EE698AFE69C89E4BA86E4BBA5E4B88BE5AFB9E8AF9DEFBC8CE8B79FE68891E788B8E8AFB4EFBC9AE788B8EFBC8CE68891E5A5B3E69C8BE58F8BE8AFB4EFBC8CE5B9B8E4BA8FE783ABE588B0E79A84E698AFE68891EFBC8CE4B88DE698AFE4BDA0E38082E68891E788B8EFBC9AE982A3E8A681E698AFE68891EFBC8CE8BF98E883BDE58F91E7949FE8BF99E7A78DE4BA8BE59097EFBC8CE68891E691B8E4B880E4B88BE5B0B1E79FA5E98193E882AFE5AE9AE69C89E997AEE9A298E38082E68891E697A0E8A880E4BBA5E5AFB90A0A
哈和嗨,/users/30523052/,//pic.qiushibaike.com/system/avtnew/3052/30523052/thumb/20151026215115.jpg?imageView2/1/w/90/h/90,0A0A0AE88081E5A986E698AFE58F8CE8839EE8838EE38082E4BB8AE5A4A9E59D8FE59D8FE79A84E997AEE5A5B9EFBC9AE2809CE983BDE8AFB4E58F8CE8839EE8838EE4BC9AE69C89E6849FE5BA94EFBC8CE982A3E68891E4BBAC58584F4FE79A84E697B6E58099EFBC8CE4BDA0E5A6B9E5A6B9E4BC9AE4B88DE4BC9AE6849FE5BA94E588B0E59180EFBC9FE2809DE88081E5A986E5B9BDE5B9BDE79A84E59B9EE7AD94EFBC9AE2809CE4BDA0E8BF99E782B9E5B08FE78EA9E6848FEFBC8CE8BF9EE68891E983BDE6849FE8A789E4B88DE588B0EFBC8CE68891E5A6B9E4BC9AE6849FE5BA94E588B0E4B988EFBC9FE2809DE68891EFBC9A2E2E2E2E2E2E2E2E2E0A0A
绦子,/users/31064729/,//pic.qiushibaike.com/system/avtnew/3106/31064729/thumb/20190207212637.jpg?imageView2/1/w/90/h/90,0A0A0AE585ACE4BAA4E8BDA6E588B0E7AB99E782B9EFBC8CE4B880E4B998E5AEA2E59CA8E5898DE8BDA6E997A8E997AEE58FB8E69CBA3AE5B888E58285EFBC8CE4BDA0E8BF99E8BDA6E58EBBE585ABE9878CE6A1A5E59097EFBC9FE58FB8E69CBA3AE4B88DE58EBBEFBC81E4B998E5AEA23AE4B8BAE4BB80E4B988EFBC9FE58FB8E69CBAE89299E4BA86E587A0E7A792E9929FEFBC8CE59B9EE7AD943AE5958AEFBC9FE68891E4B99FE4B88DE79FA5E98193EFBC81E8A681E4B88DEFBC8CE4BDA0E997AEE997AEE585ACE4BAA4E680BBE585ACE58FB8EFBC9FF09F9884E280A6E280A60A0A
聊天不撩妹子的,/users/26217894/,//pic.qiushibaike.com/system/avtnew/2621/26217894/thumb/20190429104139.jpg?imageView2/1/w/90/h/90,0A0A0AE999AAE88081E5A986E9809BE8B685E5B882EFBC8CE581B6E98187E88081E5908CE5ADA6EFBC88E5A5B3E79A84EFBC89E5B0B1E5AFB9E79CBCE4BA92E79BB8E79C8BE4B880E79CBCE6B2A1E69C89E590B1E5A3B0E38082E88081E5A986E5819AE587BAE5A887E7BE9EE5A3AEE997AEE68891EFBC9AE88081E585ACEFBC8CE5889AE6898DE982A3E4B8AAE5A5BDE5838FE698AFE4BDA0E5908CE6A18CE5908CE5ADA6E590A7EFBC9FE6808EE4B988E6B2A1E69C89E8B79FE4BDA0E68B9BE591BCE591A2EFBC9FE698AFE4B88DE698AFE4BDA0E5AFB9E5A5B9E5819AE8BF87E4BB80E4B988E8A781E4B88DE5BE97E4BABAE79A84E4BA8BE4BA86E38082E68891E59B9EE98193EFBC9AE8BF87E58EBBE79A84E4BA8BE4B88DE68F90E4B99FE7BDA2E4BA86E38082E88081E5A986EFBC9AE595A5E58E9FE59BA0EFBC9FE68891EFBC9AE5B0B1E698AFE68891E8AFB4E5A5B9E5AB81E4B88DE587BAE58EBBEFBC8CE5A5B9E8AFB4E68891E58F96E4B88DE588B0E5AAB3E5A687E38082E88081E5A986EFBC9AE8BF99E5B0B1E698AFE4B8AAE5BC80E78EA9E7AC91E79A84E59097EFBC9FE6808EE4B988E8BF98E8AEB0E4BB87E587A0E58D81E5B9B4E4BA86EFBC9FE68891EFBC9AE58FAFE698AFE5A5B9E79C9FE79A84E6B2A1E69C89E5AB81E587BAE58EBBE79A84E380820A0A
-端午吃俩粽-,/users/34975132/,//pic.qiushibaike.com/system/avtnew/3497/34975132/thumb/20190531160730.jpg?imageView2/1/w/90/h/90,0A0A0AE5898DE4B8A4E5A4A9E5969DE98592E68A8AE88491E5AD90E5969DE89299E4BA86EFBC8CE8BFB7E8BFB7E7B38AE7B38AE8B5B0E8BF9BE5A5B3E58E95E68980EFBC8CE5908CE4BA8BE4B8BDE4B8BDE5889AE4BB8EE58E95E68980E587BAE69DA5EFBC8CE9AB98E8B79FE99E8BE8B8A9E4BA86E68891E4B880E8849AEFBC8CE9AA82E68891E2809CE6ADBBE58F98E68081E2809DE38082E4BB8AE5A4A9E68891E58F88E58EBBE4B88AE58E95E68980EFBC8CE4B8BDE4B8BDE4B99FE8B5B0E4BA86E8BF9BE69DA53AE4BDA0E4B8AAE887ADE6B581E6B093EFBC8CE8BF98E69DA5E38082E8AFB4E5AE8CE58F88E8B8A9E4BA86E68891E4B880E8849AE38082E68891E796BCE79A84E586B7E6B197E79BB4E58692EFBC8CE68C87E79D80E58E95E68980E5B08FE4BEBFE6B1A0EFBC8CE590BCE981933AE4BDA0E789B9E4B988E79C8BE6B885E6A59AE4BA86EFBC8CE8BF99E59B9EE8B081E6909EE99499E4BA86EFBC8CE8B081E6909EE99499E4BA86E38082E5A5B92E2E2E2E2E2E2E2E2E0A0A
前戏。,/users/20063459/,//pic.qiushibaike.com/system/avtnew/2006/20063459/thumb/20150224220628.jpg?imageView2/1/w/90/h/90,0A0A0AE4BB8AE5A4A9E5928CE69C8BE58F8BE59CA8E7BD91E590A7E5BC80E9BB91EFBC8CE5B0B1E59CA8E68891E68BBFE5AE8CE59B9BE69D80EFBC8CE6ADA3E58786E5A487E587BBE69D80E7ACACE4BA94E4B8AAE4BABAE79A84E697B6E58099EFBC8CE7AA81E784B6E683B3E588B0E5A5B3E69C8BE58F8BE8BF98E59CA8E7BD91E590A7E997A8E58FA3E7AD89E68891EFBC8CE68891E78C9BE794A9E4BA86E887AAE5B7B1E4B880E4B8AAE5A4A7E598B4E5B7B4EFBC8CE68891E789B9E4B988E79C9FE4B88DE698AFE4B89CE8A5BFEFBC8CE8BF99E7A78DE697B6E58099E68891E280A6E5B185E784B6E58886E5BF83E4BA86EFBC81E784B6E5908EE68891E7A8B3E4BA86E4B88BE5BF83E7A59EEFBC8CE68890E58A9FE68BBFE588B0E4BA94E69D80E38082E2809CE889BEE591A2E7B1B3E596B7E8B88FE5BC80E786ACEFBC8CE8AFB6E696AFE38082E2809D0A0A
小恩的老公8,/users/32395436/,//pic.qiushibaike.com/system/avtnew/3239/32395436/thumb/20171013142058.JPEG?imageView2/1/w/90/h/90,0A0A0AE5B08FE58CBAE4BB8AE6999AE69C89E4B8AAE794B7E79A84E689BEE5B08FE4B889E8A2ABE4BB96E88081E5A986E7BB99E5BD93E59CBAE68D89E5A5B8E59CA8E5BA8AE4BA86E38082E4B8BAE4BB80E4B988E4BC9AE69C89E5B08FE4B889EFBC9FE698AFE6849FE68385E5A5BDEFBC9FE698AFE5AF82E5AF9EEFBC9FE5B09DE696B0E9B29CE6849FEFBC9FE68891E8A789E5BE97E983BDE4B88DE698AFE38082E5A5B3E79A84E8AEA4E4B8BAE794B7E79A84E59CA8E5A496E99DA2E69C89E5B08FE4B889EFBC8CE698AFE788B1E5B08FE4B889EFBC8CE4B88DE788B1E887AAE5B7B1EFBC8CE5B08FE4B889E591A2E8AEA4E4B8BAE794B7E79A84E58FAAE788B1E88081E5A986EFBC8CE4B88DE788B1E5A5B9EFBC8CE788B1E5A5B9E4BC9AE7A6BBE5A99AE38082E794B7E79A84E6A0B9E69CACE4B8A4E4B8AAE983BDE4B88DE788B1EFBC8CE58FAAE788B1E887AAE5B7B1E38082E585B6E5AE9EEFBC8CE4BB8AE6999AE5B08FE58CBAE982A3E4B8AAE794B7E79A84E698AFE68891E9809AE9A38EE68AA5E4BFA1E7BB99E4BB96E88081E5A986EFBC8CE8AEA9E4BB96E88081E5A986E68D89E5A5B8E59CA8E5BA8AE79A84EFBC8CE59388E59388E280A6E280A60A0A
倾心倾情%%,/users/33670523/,//pic.qiushibaike.com/system/avtnew/3367/33670523/thumb/20170519144642.JPEG?imageView2/1/w/90/h/90,0A0A0AE7BB93E5A99AE5A49AE5B9B4E4BA86EFBC8CE983BDE6B2A1E69C89E696B0E9B29CE6849FE4BA86EFBC8CE6999AE4B88AE4B8B4E79DA1E5898DE5BFBDE784B6E683B3E8B5B7E4B8AAE6B395E5AD90EFBC8CE6BF80E58AA8E59CB0E5AFB9E88081E585ACE8AFB43AE983BDE8BF99E6A0B7E79DA1E5A5BDE5A49AE5B9B4E4BA86EFBC8CE885BBE591B3E4BA86EFBC8CE592B1E4BBACE4B88DE689BEE782B9E696B0E9B29CE6849FE4B988EFBC9FE88081E585AC3AE4BDA0E5ADA6E696B0E5A7BFE58ABFE4BA86EFBC9FE68DA2E4B8AAE9878CE5A496E79DA1E8BF98E789B9E4B988E794A8E5ADA6E5958AEFBC9FEFBC810A0A
哈和嗨,/users/30523052/,//pic.qiushibaike.com/system/avtnew/3052/30523052/thumb/20151026215115.jpg?imageView2/1/w/90/h/90,0A0A0AE698A8E6999AE4B88AE68993E8BDA6EFBC8CE4B88AE4BA86E8BE86E783A7E5A4A9E784B6E6B094E79A84E587BAE7A79FEFBC8CE68891E5B0B1E997AEE58FB8E69CBAEFBC9AE2809CE4BDA0E4B880E58D87E6B1BDE883BDE8B791E5A49AE8BF9CEFBC9FE2809DE58FB8E69CBAE79E9FE4BA86E68891E4B880E79CBCEFBC9AE2809CE68891E4B880E7949FE6B094E5B0B1E68B92E8BDBDEFBC8CE4B880E7B1B3E983BDE4B88DE8B791E38082E2809D0A0A
精灵不次饭,/users/28437800/,//pic.qiushibaike.com/system/avtnew/2843/28437800/thumb/20190607080130.jpg?imageView2/1/w/90/h/90,0A0A0AE88081E585ACE59B9EE69DA5E4BA86EFBC8CE4B880E5A4A7E882A1E98592E591B3E38082E68891E5AB8CE5BC83E59CB0E79BAFE79D80E4BB96EFBC8CE4BB96E7AC91E598BBE598BBE8AFB4E4BB8AE5A4A9E9AB98E585B4E5A49AE5969DE4BA86E782B9EFBC8CE4BB96E8AFB4E8B79FE9A286E5AFBCE68993E8B58CEFBC8CE8B081E8BE93E4BA86E8B081E4BAB2E887AAE78292E4B889E4B8AAE88F9CEFBC8CE5969DE58F8CE5808DE79A84E98592EFBC8CE9A286E5AFBCE5969DE8B6B4E4BA86E38082E68891E68A8AE68B96E99E8BE68BBFE7BB99E4BB96EFBC8CE997AEE68993E79A84E4BB80E4B988E8B58CEFBC8CE4BDA0E8BF98E883BDE8B5A2E9A286E5AFBCEFBC9FE88081E585ACE79C89E9A39EE889B2E8889EEFBC8CE8AFB4EFBC9AE2809CE4BB96E99D9EE8A681E8B79FE68891E68993E8B58CE8B081E8AEB0E4BD8FE79A84E5898DE5A5B3E58F8BE5908DE5AD97E5A49AEFBC8CE59388E59388E59388E4BB96E8BE93E4BA8621E2809D0A0A
,,,0A0A0AE794B7EFBC8CE4B88DE588B0E4B889E58D81EFBC8CE5B9B3E697B6E79599E79D80E5B08FE883A1E5AD90E38082E38082E38082E592AFE592AFE592AFE38082E38082E38082E591A8E69CABE587BAE58EBBE4B9B0E88F9CEFBC8CE883A1E5AD90E68B89E7A2B4E79A84EFBC8CE5A4B4E58F91E4B99FE4B9B1E79A84E4B88DE8A18CE38082E59B9EE69DA5E794B5E6A2AFE997A8E58FA3EFBC8CE4B880E4B8AAE5889AE4BC9AE8AFB4E8AF9DE79A84E5B08FE5AE9DE8B49DE79C8BE79D80E68891EFBC8CE58FABE4BA86E5A3B0EFBC9AE788B7E788B7E38082E38082E38082E68891E79C8BE4BB96E788B8E982A3E9AD81E6A2A7E79A84E4BD93E6A0BCEFBC8CE7A1ACE698AFE6B2A1E695A2E7AD94E5BA94E38082E38082E38082E38082E5ADA9E5AD90E4BB96E5A688E8AFB4EFBC8CE58FABE58F94E58F94EFBC8CE7BB93E69E9CE5ADA9E5AD90E58F88E58FABE4BA86E5A3B0E788B7E788B7E38082E68891E8BF99E884B8E6868BE79A84E9809AE7BAA2EFBC8CE88491E5AD90E4B880E68ABDE5A4B8E4BA86E58FA5E8BF99E5ADA9E5AD90E598B4E79C9FE7949CE38082E38082E38082E5A4A7E593A5EFBC8CE586B7E99D99EFBC8CE4BDA0E590ACE68891E8AFB4EFBC8CE68891E79C9FE4B88DE698AFE69585E6848FE58DA0E4BDA0E4BEBFE5AE9CE38082E38082E380820A0A
行路！,/users/13153448/,//pic.qiushibaike.com/system/avtnew/1315/13153448/thumb/20190418125827.jpg?imageView2/1/w/90/h/90,0A0A0AE590ACE68891E5A688E8AFB4E79A84EFBC8CE5A5B9E5B08FE697B6E58099E8B7AFE8BF87E4B880E688B7E4BABAE5AEB6EFBC8CE79C8BE588B0E8BF99E5AEB6E587BAE69DA5E4B880E4B8AAE5A5B3E79A84EFBC8CE5BD93E697B6E5A5B9E5BF83E9878CE5B0B1E683B3EFBC8CE8BF99E4B8AAE4BABAE995BFE5BE97E79C9FE5A5BDE79C8BEFBC8CE6B2A1E683B3E588B0E58D81E5B9B4E5908EE68890E4BA86E5A5B9E79A84E5A986E5A986E38082E38082E38082E7BC98E58886E79C9FE79A84E5BE88E5A587E5A699EFBC810A0A
无书斋主,/users/17535149/,//pic.qiushibaike.com/system/avtnew/1753/17535149/thumb/20190112125715.jpg?imageView2/1/w/90/h/90,0A0A0AE698A8E5A4A9E587BAE58EBBE58A9EE4BA8BEFBC8CE4B880E4B8AAE5B08FE5A791E5A898E695B2E68891E79A84E8BDA6E7AA973AE58F94E58F94EFBC8CE883BDE98081E68891E588B0E794B0E5A4A7E782B3E59097EFBC9FEFBC9FE68891E4BBA5E4B8BAE5A5B9E698AFE8A681E58F82E58AA0E9AB98E88083EFBC8CE899BDE784B6E887AAE5B7B1E4B99FE680A5EFBC8CE4BD86E683B3E683B3E5A5B9E5A682E69E9CE8B5B6E4B88DE588B0E982A3E5B0B1E698AFE4BABAE7949FE5A4A7E4B880E5A4A7E68CABE68A98EFBC8CE4BA8EE698AFE7A4BAE6848FE5A5B9E4B88AE8BDA6E280A6E280A6E68891E9A38EE9A9B0E794B5E6938EE79A84E78B82E9A399EFBC8CE588B0E4BA86E5908EE5A5B9E8AFB4E8AF9DE4BA863AE58F94E58F94EFBC8CE4BDA0E5BC80E8BF99E4B988E5BFABEFBC8CE59093E6ADBBE68891E4BA86EFBC8CE4BB8AE5A4A9E68891E584BFE5AD90E9AB98E88083EFBC8CE68891E58FAFE4B88DE683B3E4BB96E88083E5AE8CE6B2A1E5A688E4BA86E280A6E280A6E68891E280A6E280A6E4BDA0E4BB96E5A688E697A9E8AFB4E698AFE4BDA0E584BFE5AD90E9AB98E88083E5958AEFBC81EFBC810A0A
麦兜叮当响,/users/7786586/,//pic.qiushibaike.com/system/avtnew/778/7786586/thumb/20150217092247.jpg?imageView2/1/w/90/h/90,0A0A0AE68B9BE5BE85E4B880E4B8AAE4BF84E7BD97E696AFE79A84E69C8BE58F8BEFBC8CE7ACACE4B880E5A4A9E6999AE4B88AE7BB99E4BB96E5969DE88C85E58FB0EFBC8CE4BB96E5BE88E5969CE6ACA2EFBC8CE8A1A8E7A4BAE99D9EE5B8B8E5A5BDE5969DE38082E7ACACE4BA8CE5A4A9E6999AE4B88AE7BB99E4BB96E5969DE79A84E698AFE4BA8CE99485E5A4B4EFBC8CE4BB96E5BE88E4B88DE5BC80E5BF83EFBC8CE8AFB4E8BF99E4B988E5A5BDE79A84E98592E4B8BAE4BB80E4B988E698A8E5A4A9E4B88DE7BB99E4BB96E5969DE280A6E280A60A0A
╰つ゛怪怪,/users/18817405/,//pic.qiushibaike.com/system/avtnew/1881/18817405/thumb/20190418115357.jpg?imageView2/1/w/90/h/90,0A0A0AE4BB8AE5A4A9E5A4A9E6B094E789B9E588ABE783ADEFBC8CE68891E69DA5E588B0E5B08FE58D96E983A8E4B9B0E4BA86E4B880E6A0B9E586B0E6A39220EFBC8CE7BB99E88081E69DBFE58D81E59D97E992B1EFBC8CE88081E69DBFE689BEE68891E585ABE59D97E992B1EFBC8CE98187E588B020E587A0E4B8AAE5B08FE5ADA9EFBC8CE585B6E4B8ADE4B880E4B8AAE5B08FE5ADA9E8AFB4E4BA86E4B880E58FA5E8AEA9E68891E6B0B820E8BF9CE5BF98E4B88DE4BA86E79A84E8AF9DEFBC8CE59387EFBC8CE68891E4BB80E4B988E697B6E58099E6898DE883BDE982A3E4B98820E69C89E992B1E380825BE591B5E591B55D5BE591B5E591B55D0A0A
板蓝根治肾虚,/users/20732883/,//pic.qiushibaike.com/system/avtnew/2073/20732883/thumb/20150227112752.jpg?imageView2/1/w/90/h/90,0A0A0AE4BB8AE5A4A9E79BB8E4BAB2E98187E588B0E4B8AAE5A6B9E5AD90E8B088E5BE97E68CBAE5A5BDE79A84E5B0B1E587BAE58EBBE78EA9EFBC8CE7A79FE4BA86E4B8AAE4B880E5898DE4B880E5908EE58F8CE4BABAE9AA91E79A84E887AAE8A18CE8BDA6EFBC8CE8B5B0E588B0E4B880E4B8AAE5B08FE59DA1E4B88AE68891E5B0B1E7AB99E8B5B7E69DA5E8B9ACEFBC8CE6B2A1E683B3E588B0E887AAE8A18CE8BDA6E9BE99E5A4B4E5B0B1E59CA8E8BF99E697B6E696ADE4BA86EFBC8CE68891E5B0B1E6A0BDE4B88BE58EBBE4BA86E8BF9EE58685E8A3A4E983BDE7BB99E68891E58892E7A0B4E4BA86EFBC8CE5B9B8E5A5BDE5BC9FE5BC9FE697A0E68199E38082E5BD93E697B6E982A3E4B8AAE7B397E5958AEFBC8CE7ACACE4B880E6ACA1E8A781E99DA2E7ACACE4B880E6ACA1E78EA9E591A2E38082E38082E38082E5A5BDE4BCA4E5BF83EFBC8CE4B88DE589B2EFBC8CE5A6B9E5AD90E5AFB9E68891E69BB4E783ADE68385E4BA86EFBC8CE5A5B9E698AFE4B88DE698AFE79C8BE588B0E4BB80E4B988E4BA86EFBC9F0A0A
又见老五,/users/41793064/,//pic.qiushibaike.com/system/avtnew/4179/41793064/thumb/default_avatar.jpg?imageView2/1/w/90/h/90,0A0A0AE4B880E6ACA1E58EBBE59083E5BFABE9A490EFBC8CE69C8DE58AA1E59198E68081E5BAA6E4B88DE5A5BDEFBC8CE8BABAE79D80E78EA9E6898BE69CBAEFBC8CE4B880E4BC9AE584BFE5B0B1E582ACE2809CE5BFABE782B9EFBC8CE5BFABE782B9E2809DE38082E5BF83E68385E4B880E4B88BE5AD90E59D8FE4BA86EFBC8CE997B7E4B88DE5819AE5A3B0E59F8BE5A4B4E88BA6E5B9B2EFBC8CE79BB4E68EA5E6A8AAE586B2E79BB4E6929EE38082E69C8DE58AA1E59198E5BE88E99ABEE58F97EFBC8CE8AFB4E68DA2E4B880E4B8AAE590A7E38082E68891E8AFB4E2809CE4BDA0E5A4AAE4B88DE695ACE4B89AE4BA86EFBC8CE4BB8AE697A5E5B7A5E4BD9CE4B88DE58AAAE58A9BEFBC8CE6988EE697A5E58AAAE58A9BE689BEE5B7A5E4BD9CE2809DE38082E68891E58F88E68DA2E4BA86E4B8AAE4BD93E4BD8DEFBC8CE69C8DE58AA1E59198E5BF8DE697A0E58FAFE5BF8DEFBC8CE79BB4E68EA5E7BFBBE8BAABE8B5B7E69DA5E58589E6BA9CE6BA9CE79A84E8B791E4BA86E38082E38082E38082E88081E69DBFE6B2A1E694B6E69C8DE58AA1E8B4B9EFBC8CE68891E590B9E79D80E58FA3E593A8E69882E79D80E5A4B4E7A6BBE5BC80E4BA86E5BFABE9A490E58E85E38082E38082E38082E5B9B8E7A68FE79A84E4B880E5A4A9E7BB93E69D9F0A0A
依丽若水,/users/33028477/,//pic.qiushibaike.com/system/avtnew/3302/33028477/thumb/20190609130126.jpg?imageView2/1/w/90/h/90,0A0A0A2AE4BC9AE8AEA1E5B888E88083E8AF95EFBC8CE68891E9878DE6849FE58692E6B2A1E5B8A6E7BAB8EFBC8CE5B0B1E4BDBFE58AB2E794A8E9BCBBE5AD90E590B8E6BA9CEFBC8CE4B88DE695A2E5A4A7E5A3B0EFBC8CE5B8A6E79D80E882A9E88680E4B880E68ABDE4B880E68ABDE79A84E38082E7AA81E784B6E8A2ABE68B8DE4BA86E4B880E4B88BEFBC8CE2809CE5908CE5ADA6EFBC8CE4B88DE4BC9AEFBC8CE593ADE4B99FE6B2A1E794A8E2809DE68891E8A2ABE59093E79A84E4B880E59386E597A6E38082E59B9EE5A4B4E4B880E79C8BEFBC8CE889BEE78E9BEFBC8CE8BF99E79B91E88083E794B7E88081E5B888E79C9FE5838FE68891E79A84E5889DE6818BEFBC8CE4B880E6818DE6839AE59B9EE588B0E4BA86E7AD96E9A9ACE689ACE99EADE79A84E99D92E891B1E5B281E69C88E38082E38082E68EA5E79D80E280A6E280A6E68EA5E79D80E4B8A4E69DA1E99D92E891B1E9BCBBE6B695E5B0B1E9809AE8BF87E9A286E58FA3E6B581E588B0E8829AE79AAEE4B88AE280A65BE5A4A7E593AD5D0A0A
眲廤実姥恭,/users/13487405/,//pic.qiushibaike.com/system/avtnew/1348/13487405/thumb/20171009235302.JPEG?imageView2/1/w/90/h/90,0A0A0AE4B88AE4B8AAE69C88E88AB1E4BA86E4B889E58D83E5A49AE68AA5E5908DE5ADA6E4B9A0E68B89E4B881E8889EEFBC8CE58FAFE698AFE79CBCE79C8BE79D80E5B7B2E7BB8FE8BF87E4BA86E5A4A7E58D8AE4B8AAE69C88E4BA86EFBC8CE4B881E4B881E4B880E782B9E58F98E995BFE79A84E8BFB9E8B1A1E983BDE6B2A1E69C89EFBC8CE8AFB7E997AEE68891E698AFE4B88DE698AFE8A2ABE9AA97E4BA86E5958AEFBC9FE8AFA5E58EBBE593AAE9878CE68A95E8AF89EFBC9F5BE59380E680A85D0A0A
鹰嫂,/users/30313957/,//pic.qiushibaike.com/system/avtnew/3031/30313957/thumb/20180111001825.JPEG?imageView2/1/w/90/h/90,0A0A0AE88081E585ACE5969CE6ACA2E5969DE98592EFBC8CE8BF98E5AEB9E69893E5969DE98689EFBC8CE5A5BDE8A880E79BB8E58A9DE4B88DE590ACEFBC8CE5A3B0E7A7B0E4B880E98689E883BDE8A7A3E58D83E68481E38082E4B8BAE4BA86E5BC84E6B885E98689E5908EE698AFE590A6E79C9FE883BDE8B685E784B6E4BA8BE5A496EFBC8CE982A3E5A4A9E68891E4B99FE5928CE4BB96E4B880E8B5B7E5969DE4BA86E782B9EFBC8CE7ACACE4BA8CE5A4A9E98692E69DA5E5B0B1E8A781E4BB96E5A4B4E4B88AE6AF9BE58F91E7A880E4BA86E4B88DE5B091EFBC8CE99DA0E59CA8E5BA8AE5A4B4E8A2ABE8BDAEE4B880E6A0B7E79A84E4B880E884B8E7949FE697A0E58FAFE6818BEFBC8CE4B880E997AEE6898DE79FA5E98193EFBC8CE698AFE68891E98689E5908EE68C89E4BD8FE4BB96E79A84E88491E8A28BE4B880E6A0B9E4B880E6A0B9E89685E5A4B4E58F91EFBC9AE2809CE280A6E4BDA0E788B1E68891E280A6E4BDA0E4B88DE788B1E68891E280A6E2809DE5BE97E4BA8FE4BB96E796BCE98692E4BA86E38082E4BB8EE6ADA4E8BF99E8B4A7E5868DE4B88DE695A2E5969DE98592EFBC8CE68095E68890E59CB0E4B8ADE6B5B7E280A6E280A60A0A
考研狗要逆袭,/users/14398160/,//pic.qiushibaike.com/system/avtnew/1439/14398160/thumb/20150223132825.jpg?imageView2/1/w/90/h/90,0A0A0AE5A790E4BB8AE5B9B43234EFBC8CE5928CE68891E4BB8EE5B08FE4B880E8B5B7E995BFE5A4A7E79A84E5B08FE4BC99E4BCB4EFBC8CE4BABAE5AEB6E79A84E5ADA9E5AD90E983BDE5BFABE4BC9AE68993E985B1E6B2B9E4BA86EFBC8CE8808CE68891E8BF98E69CA8E69C89E6AF95E4B89AEFBD9EE4BABAE5AEB6E88081E585ACEFBC8CE688BFE5AD90EFBC8CE8BDA6E5AD90EFBC8CE5ADA9E5AD90E983BDE69C89E4BA86EFBC8CE8808CE68891E8BF98E59CA8E88AB1E5AEB6E9878CE79A84E992B1EFBC8CE8BF9EE4B8AAE794B7E69C8BE58F8BE79A84E5BDB1E584BFE983BDE6B2A1E8A781E79D80EFBC81EFBC81EFBC81E58FAAE883BDE591B5E4BA86E4B8AAE591B5E596BDEFBD9E0A0A
谈恋爱的火龙果,/users/38703768/,//pic.qiushibaike.com/system/avtnew/3870/38703768/thumb/20190409090527.jpg?imageView2/1/w/90/h/90,0A0A0AE69C89E4B889E4B8AAE4BABAE59CA8E6B996E8BEB9E99293E9B1BCEFBC8CE6B996E9878CE7AA81E784B6E587BAE69DA5E4B880E4B8AAE680AAE789A9EFBC8CE8AFB4EFBC9AE2809CE68891E698AFE8BF99E9878CE79A84E6B996E680AAEFBC8CE6AF8FE4B880E4B8AAE588B0E8BF99E9878CE79A84E4BABAEFBC8CE68891E983BDE58FAFE4BBA5E5B8AEE4BB96E4B880E4B8AAE5BF99EFBC8CE4BDA0E4BBACE69C89E4BB80E4B988E99C80E8A681E5B8AEE5BF99E79A84E590973FE2809DE38080E38080E7ACACE4B880E4B8AAE4BABAE8AFB4EFBC9AE2809CE68891E79A84E5908EE8838CE69C89E4BCA4EFBC8CE4B880E79BB4E5BE88E7979BEFBC8CE4BDA0E883BDE5B8AEE68891E8A7A3E999A4E7979BE88BA6E590973FE2809DE38080E38080E680AAE789A9E691B8E4BA86E4B88BE4BB96E79A84E5908EE8838CEFBC8CE4BB96E5B0B1E4B88DE7979BE4BA86E38082E38080E38080E7ACACE4BA8CE4B8AAE4BABAE8AFB4EFBC9AE2809CE68891E79A84E8A786E58A9BE5BE88E5B7AEEFBC8CE688B4E79CBCE9959CE4B99FE587A0E4B98EE4B88DE8B5B7E5819AE794A8EFBC8CE4BDA0E883BDE5B8AEE68891E590973FE2809DE38080E38080E680AAE789A9E5B8AEE4BB96E69198E4B88BE79CBCE9959CEFBC8CE4BB96E7AB8BE588BBE79CBCE5898DE4B880E4BAAEE38082E38082E38082E38080E38080E680AAE789A9E997AEE7ACACE4B889E4B8AAE4BABAEFBC9AE2809CE4BDA0E69C89E99C80E8A681E4BB80E4B988E5B8AEE58AA9E79A84E590973FE2809DE38080E38080E7ACACE4B889E4B8AAE4BABAE4B880E884B8E4B88DE9AB98E585B4E79A84E7AD94E588B0EFBC9AE2809CE4B88DE99C80E8A681EFBC8CE68891E8BF98E5BE97E9A286E4BCA4E6AE8BE68A9AE681A4E9879121E2809D0A0A
脸白无罪,/users/41260241/,//pic.qiushibaike.com/system/avtnew/4126/41260241/thumb/20190409230528.jpg?imageView2/1/w/90/h/90,0A0A0AE788B8E788B8E78296E4BA86E4B880E58FAAE9B8A1EFBC8CE68891E4B8ADE58D88E694BEE5ADA6E59B9EE69DA5E4B880E4B8AAE4BABAE7BB99E5B9B2E7BFBBE4BA86E38082E8BF87E4BA86E587A0E5A4A9E788B8E788B8E58F88E78296E4BA86E4B880E58FAAE9B8A1EFBC8CE68891E4B8ADE58D88E694BEE5ADA6E59B9EE69DA5E58FAAE589A9E4B88BE4BA86E4B880E99485E6B1A4E38082E68891E997AEE788B8E788B8E9B8A1E88289E591A2EFBC9FE788B8E788B8E58E9FE8AF9DEFBC9AE2809CE4B88AE6ACA1E998BFE58FAAE88081E5AD90E695B4E58D8AE5A4A9E4BDA0E8BF9EE4B8AAE9B8A1E8849AE788AAE788AAE983BDE4B88DE79599E7BB99E88081E5AD90EFBC8CE4B98BE59B9EE88081E5AD90E4B99FE4B88DE79599E7BB99E4BDA0E38082E2809DEFBC810A0A
呆呆小妖精,/users/41898502/,//pic.qiushibaike.com/system/avtnew/4189/41898502/thumb/20190526155138.jpg?imageView2/1/w/90/h/90,0A0A0AE698A8E5A49CE9878CE79DA1E588B0E58D8AE5A49CEFBC8CE88081E5A688E7AA81E784B6E695B2E68891E997A8EFBC8CE5BC80E997A8E5908EE88081E5A688E79BB4E68EA5E8B791E588B0E68891E5BA8AE8BEB9E68A8AE8A2ABE5AD90E68E80E4BA86E8B5B7E69DA5E58F91E78EB0E595A5E983BDE6B2A1E69C89EFBC8CE784B6E5908EE5A5B9E5B0B1E5BC80E5A78BE8AFB4EFBC9AE68891E5889AE6898DE59CA8E997A8E58FA3E590ACE588B0E4BA86E794B7E4BABAE79A84E591BCE5999CE5A3B0EFBC8CE68891E79FA5E98193E4BDA0E4B88DE68993E591BCE79A84EFBC8CE8AFB4EFBC8CE588B0E5BA95E698AFE8B081EFBC9FE68891E6ADA3E4B880E884B8E687B5E980BCEFBC8CE5BA8AE5BA95E4B88BE58F88E5938DE8B5B7E4B880E5A3B0E591BCE5999CE5A3B0EFBC8CE68891E5928CE88081E5A688E4B880E4BD8EE5A4B4EFBC8CE590ACE588B0E68891E5AEB6E585BBE4BA86E585ADE5B9B4E79A84E78B97E78B97E59CA8E68993E591BCE280A6E280A60A0A
挖鼻孔的老虎,/users/17221979/,//pic.qiushibaike.com/system/avtnew/1722/17221979/thumb/20180524141023.JPEG?imageView2/1/w/90/h/90,0A0A0AE69C89E4B8AAE5A5B3E5908CE4BA8BE59CA8E7BEA4E9878CE58F91E4BA86E587A0E4B8AAE993BEE68EA5EFBC8CE8A681E68891E4BBACE8BDACE58F91E588B0E69C8BE58F8BE59C88E38082E68891E79C8BE4BA86E79C8BE585A8E698AFE585B3E4BA8EE5B08FE9BE99E899BEE79A84E8B49FE99DA2E68AA5E98193EFBC8CE4BA8EE698AFE997AEE5A5B9EFBC9AE2809CE4BDA0E4B88DE698AFE4B880E79BB4E5BE88E5969CE6ACA2E59083E5B08FE9BE99E899BEE59097EFBC9FE2809DE5A5B9EFBC9AE2809CE5868DE4B88DE695B4E5AE83E4B880E4B88BEFBC8CE6B6A8E4BBB7E6B6A8E5BE97E68891E8A681E59083E4B88DE8B5B7E4BA86E38082E2809D0A0A
於繁花之都,/users/4324557/,//pic.qiushibaike.com/system/avtnew/432/4324557/thumb/20180406232259.JPEG?imageView2/1/w/90/h/90,0A0A0A6C7AE5A5B3EFBC8CE5BA94E8AFA5E8AFB4E698AFE5A5B3E6B189E7BAB8E38082E38082E38082E4BB8AE5A4A9E697A9E4B88AE697A9E8B5B7EFBC8CE98081E788B7E788B7E5A5B6E5A5B6E58EBBE5A496E79C81EFBC8CE8B5B7E79A84E68CBAE697A9E79A84EFBC8CE4B880E8B5B7E69DA5E5B0B1E694B6E68BBEE4B89CE8A5BFEFBC8CE784B6E5908EE5889AE5889AE58F91E78EB0EFBC8CE68891E4BB8AE5A4A9E6B2A1E6B497E884B8EFBC8CE587BAE58EBBE69983E4BA86E4B880E5A4A9E38082E38082E38082E68891E5AFB9E68891E887AAE5B7B1E4B99FE698AFE98689E4BA86E38082E38082E380820A0A
高配置…低消耗！,/users/30104681/,//pic.qiushibaike.com/system/avtnew/3010/30104681/thumb/2016102715182018.JPEG?imageView2/1/w/90/h/90,0A0A0AE585ACE4BAA4E8BDA6E4B88AEFBC8CE5898DE99DA2E59D90E79D80E4B880E5AFB9E9AB98E4B8ADE7949FE68385E4BEA3EFBC8CE4B8A4E4BABAE59CA8E8AEA8E8AEBAE587BAE8BDA8E5B08FE4B889E79A84E4BA8BE38082E5A5B3E79A84E8AFB4E588B03AE4BDA0E8A681E698AFE695A2E8838CE58F9BE68891E587BAE8BDA8EFBC8CE68891E5B0B1E68A8AE4BDA0E7BB99E99889E4BA86EFBC8CE784B6E5908EE58886E6898BE38082E794B7E79A84E8AFB43AE593BCEFBC8CE4BDA0E8A681E698AFE695A2E68A8AE68891E99889E4BA86EFBC8CE4BBA5E5908EE68891E5B0B1E58EBBE5819AE58F98E680A7E6898BE69CAFEFBC8CE784B6E5908EE79DA1E4BA86E4BDA0E88081E585ACEFBC8CE79DA1E4BDA0E88081E585ACE380820A0A
乌漆嘛黑的夜,/users/12431851/,//pic.qiushibaike.com/system/avtnew/1243/12431851/thumb/20180426164157.JPEG?imageView2/1/w/90/h/90,0A0A0AE68891E7BB88E4BA8EE79FA5E98193E4B8BAE4BB80E4B988E4BDA0E4BBACE4B88DE684BFE6848FE8B59EE68891E4BA86EFBC8CE588ABE4BABAE79A84E5B896E5AD90E589A7E68385E4B8B0E5AF8CEFBC8CE8B78CE5AE95E8B5B7E4BC8FEFBC8CE5BC95E4BABAE585A5E8839CEFBC8CE68891E6B2A1E69C89E982A3E4B988E5A49AE5A587E5A699E79A84E7BB8FE58E86EFBC8CE68891E4BB8AE5A4A9E79A84E69585E4BA8BE5BE88E7AE80E58D95EFBC9AE68891E58F96E4BA86E4B8A4E799BEE59D97EFBC8CE68E89E4BA86E4B880E799BEE280A6E280A65BE5A4A7E593AD5D5BE5A4A7E593AD5D5BE5A4A7E593AD5D0A0A
笨三依然二,/users/26764942/,//pic.qiushibaike.com/system/avtnew/2676/26764942/thumb/20150319180350.jpg?imageView2/1/w/90/h/90,0A0A0AE5889AE6898DE59083E9A5ADE79A84E697B6E58099EFBC8CE5AAB3E5A687E7AA81E784B6E997AEE688913AE2809CE4BDA0E4BBACE7A791E5AEA4E982A3E4B8AAE5B08FE591A8E7BB93E5A99AE4BA86E59097EFBC9FE2809DE688913AE2809CE6B2A1E69C89E5958AEFBC81E6808EE4B988E4BA86EFBC9FE2809DE5AAB3E5A6873AE2809CE5898DE587A0E5A4A9E4BDA0E4BBACE7A791E5AEA4E79A84E4BABAE4B88DE698AFE69DA5E592B1E5AEB6E78EA9E59097EFBC9FE6ADA3E5A5BDE6B69BE6B69BEFBC88E5AAB3E5A687E8A1A8E5BC9FEFBC89E4B99FE8BF87E69DA5E4BA86EFBC8CE4BB96E79C8BE4B88AE982A3E4B8AAE5B08FE591A8E4BA86EFBC8CE4BDA0E8BF99E5BD93E5A790E5A4ABE79A84E7BB99E692AEE59088E692AEE59088E38082E2809DE68891E8BF9EE8BF9EE69187E5A4B43AE2809CE4B88DE8A18CEFBC8CE4BDA0E4B88DE79C8BE5B08FE591A8E982A3E5A791E5A898E995BFE79A84E4B88DE99499EFBC8CE6AF9BE79785E58FAFE5A49AE591A2EFBC81E2809DE5AAB3E5A687E7BAB3E997B73AE2809CE5B08FE591A8E6808EE4B988E4BA86EFBC9FE2809DE68891E8B5B6E7B4A7E8A7A3E9878A3AE2809CE5B08FE591A8E5958AEFBC8CE4B9B1E88AB1E992B1EFBC8CE788B1E68993E689AEEFBC8CE788B1E8B4ADE789A9EFBC8CE6999AE4B88AE8BF98E7BB8FE5B8B8E587BAE58EBBE78EA9E588B0E58D8AE5A49CE4B88DE59B9EE5AEB6EFBC8CE8808CE4B894E5A5B9E79DA1E8A789E58F88E68993E591BCE5999CE58F88E7A3A8E78999E79A84E38082E6AF9BE79785E5A49AE79A84E698AFE38082E2809DE5AAB3E5A687E98197E686BEE79A84E8AFB43AE2809CE8BF99E6A0B7E5958AEFBC81E982A3E7AE97E4BA86E38082E2809D0A0A
黄山小妖,/users/20164589/,//pic.qiushibaike.com/system/avtnew/2016/20164589/thumb/20190102200757.jpg?imageView2/1/w/90/h/90,0A0A0AE5BD93E68891E68993E5BC80E997A8EFBC8CE79C8BE588B0E587BAE5B7AEE59B9EE69DA5E79A84E88081E585ACE5B7A6E6898BE68DA7E79D80E9B29CE88AB1EFBC8CE58FB3E6898BE68BBFE79D80E7A4BCE789A9EFBC8CE99DA2E5B8A6E7AC91E5AEB9E5AFB9E68891E8AFB4E98193EFBC9AE2809CE6838AE4B88DE6838AE5969CEFBC81E6848FE4B88DE6848FE5A496EFBC81E2809DE68891E68385E7BBAAE4B880E4B88BE5B0B1E68EA7E588B6E4B88DE4BD8FE4BA862E2E2EE683B3E588B0E4BA86E68891E4BBACE5A4A7E5ADA6E697B6E7ACACE4B880E6ACA1E8A781E99DA2EFBC8CE683B3E588B0E4BA86E4BB96E7ACACE4B880E6ACA1E5AFB9E68891E8AEB8E4B88BE689BFE8AFBAEFBC8CE683B3E588B0E68891E4BBACE7BB93E5A99AE58F91E8AA93E8A681E799BDE5A4B4E588B0E880812E2E2EE683B3E4BA86E8BF99E4B988E5A49AE7BE8EE5A5BDE79A84E5BE80E4BA8BEFBC8CE983BDE6B2A1E69C89E68EA7E588B6E4BD8FE68891E4BCB8E587BAE58FB3E6898BEFBC8CE78BA0E78BA0E59CB0E7BB99E4BA86E4BB96E4B880E4B8AAE598B4E5B7B4E5AD90EFBC8CE784B6E5908EE5AFB9E4BB96E8AFB4E98193EFBC9AE2809CE8B081E5918AE8AF89E4BDA0EFBC81E68891E59CA8E68891E997BAE89C9CE5AEB6E79A842E2E2EE2809D0A0A
寂寞了就打灰机,/users/11827266/,//pic.qiushibaike.com/system/avtnew/1182/11827266/thumb/20131020204749.jpg?imageView2/1/w/90/h/90,0A0A0AE4BB8AE5A4A9E584BFE5AD90E98081E7BB99E68891E4B880E4B8AAE88BB9E69E9C36E5BD93E7A4BCE789A9EFBC8CE68891E5BD93E697B6E5B0B1E89299E4BA86EFBC8CE593AAE69DA5E79A84E992B1E5958AEFBC9FE584BFE5AD90E8AFB4E698AFE581B7E79D80E68891E79A84E58DA1E8AEA9E4BB96E5B08FE5A791E5A791E999AAE4BB96E58EBBE58F96E6ACBEE69CBAE58F96E79A84EFBC8CE68891E5878CE4B9B1E4BA86EFBC8CE4B880E4B8AA3230E5B281E79A84E5B08FE5A791E5A898E999AAE79D80E4B880E4B8AA3130E5B281E79A84E5B08FE5ADA9E584BFE8838CE79D80E5A4A7E4BABAE58EBBE58F96E992B1E8BF99E698AFE8A681E7A0B4E4BAA7E59097EFBC9FE88081E5AD903473E983BDE8A789E5BE97E8B4B5EFBC8CE5ADA9E5AD90E79FA5E98193E5AF86E7A081E698AFE4BB96E7949FE697A5EFBC8CE68891E8A681E68AA5E8ADA6E68A93E8B5B7E69DA5E5A6B9E5A6B9E5928CE584BFE5AD90EFBC8CE8BF99E8AEA9E88081E5A986E79FA5E98193E5908EE584BFE5AD90E5928CE88081E5A6B9E4BC9AE4B88DE4BC9AE683A8E4B88DE5BF8DE79DB9E380820A0A
正版煮茶,/users/33491754/,//pic.qiushibaike.com/system/avtnew/3349/33491754/thumb/20190301103157.jpg?imageView2/1/w/90/h/90,0A0A0AE4BE84E5AD90E997AEE68891E69C89E4BB80E4B988E59B9BE4B8AAE5AD97E79A84E8AF8DEFBC8CE58FABE4B880E4B89DE4B88DE595A5EFBC8CE68891E8AFB4E4B880E4B89DE4B88D20E68C82E38082E4BB8AE5A4A9E5AB82E5AD90E5928CE68891E593A5E590B5E4BA86E8B5B7E69DA5E38082E68891E997AEE68891E593A5E6808EE4B988E59B9EE4BA8BE38082E68891E593A5E8AFB4E68891E4BE84E5AD90E4BD9CE69687E58699E595A5E788B8E788B8E5928CE587A0E4B8AAE998BFE5A7A8E5B7A5E4BD9CE697B6E4B880E4B89DE4B88D20E68C82E79A84E6A0B7E5AD90E8AEA9E68891E8AEB0E5BF86E78AB9E696B0E280A6E280A60A0A
聊天不撩妹子的,/users/26217894/,//pic.qiushibaike.com/system/avtnew/2621/26217894/thumb/20190429104139.jpg?imageView2/1/w/90/h/90,0A0A0AE88081E5A986E5889AE68BBFE9A9BEE785A7E982A3E4BC9AEFBC8CE58EBBE88F9CE5B882E59CBAE4B9B0E88F9CE983BDE8A681E5BC80E8BDA6E58EBBEFBC8CE8808CE88F9CE5B882E59CBAE7A6BBE4BD8FE79A84E59CB0E696B9E4B88DE4BC9AE8B685E8BF87E585ADE799BEE7B1B3E38082E69C89E4B880E6ACA1E68891E4BB8EE5A496E99DA2E59B9EE5AEB6EFBC8CE5889AE5819CE8BDA6E5A5B9E8B791E8BF87E69DA5E8AEA9E68891E588ABE78684E781ABE38082E68A8AE68891E4BB8EE8BDA6E4B88AE68B89E4B88BE69DA5E4BA86EFBC8CE5A5B9E4B88AE8BDA6E8AFB4E58EBBE4B9B0E88F9CE58EBBEFBC8CE784B6E5908EE5B0B1E8A781E5A5B9E6898BE588B9E6B2A1E694BEE7A9BAE68CA1E8B8A9E6B2B9E997A8EFBC8CE982A3E8BDA6E99C87E79A84EFBC8CE789B9E588ABE698AFE7839FE68A8AE8BDA6E983BDE8A681E785A7E4B88AE4BA86E38082E5B0B1E8A781E5A5B9E68EA8E5BC80E8BDA6E997A8EFBC8CE4B880E68A8AE4BB8EE59CB0E4B88AE68B96E79D80E68891E5B0B1E8B791EFBC8CE598B4E9878CE8BF98E5A4A7E5A3B0E58FABEFBC9AE88081E585ACE5BFABE8B5B7E69DA5E8B791EFBC8CE8BDA6E8A681E78886E782B8E4BA86E38082E38082E38082E380820A0A
看着糗糗吃大粪,/users/11344481/,//pic.qiushibaike.com/system/avtnew/1134/11344481/thumb/20140923033824.jpg?imageView2/1/w/90/h/90,0A0A0AE585ACE58FB8E79A84E99480E594AEE983A8E997A8EFBC8CE5B7A5E8B584E983BDE698AFE58F91E694BEE588B0E6B091E7949FE993B6E8A18CE38082E887AAE4BB8EE587A0E4B8AAE69C88E5898DEFBC8CE585ACE58FB8E694B9E99DA9EFBC9AE5B7A5E8B584E7BBA7E7BBADE68993E6B091E7949FE993B6E8A18CEFBC8CE6AF8FE69C88E79A84E99480E594AEE68F90E68890E58899E58FA6E5A496E68993E5B7A5E59586E58DA1E9878CE38082E7BB93E69E9CEFBC8CE4B880E5B08FE5B08FE79A84E58F98E58AA8E99480E594AEE4B89AE7BBA9E5A4A7E6B6A8E38082E68891E58B92E4B8AAE58EBBEFBC8CE58E9FE69DA5E4B880E5B8AEE5A4A7E88081E788B7E4BBACE584BFE5B7A5E8B584E58DA1E983BDE4B88AE7BCB4E88081E5A986E4BA86E38082E5B7A5E8A18CE58DA1E68D8FE59CA8E887AAE5B7B1E6898BE9878CEFBC8CE4B8BAE4BA86E5A1ABE6BBA1E887AAE5B7B1E79A84E5B08FE98791E5BA93EFBC8CE5B7A5E4BD9CE982A3E58FABE4B880E4B8AAE58D96E58A9BE38082E9A286E5AFBCE59180EFBC8CE8BF98E698AFE794B7E4BABAE69BB4E68782E794B7E4BABAEFBC810A0A
人尽茶凉,/users/33385042/,//pic.qiushibaike.com/system/avtnew/3338/33385042/thumb/20170225201621.JPEG?imageView2/1/w/90/h/90,0A0A0AE794B7E69C8BE58F8BE698AFE5ADA6E887AAE794B1E6908FE587BBE79A84EFBC8CE58DA0E69C89E6ACB2E789B9E588ABE5BCBAEFBC8CE788B1E59083E9868BEFBC8CE7BB8FE5B8B8E5928CE68891E8AFB4EFBC8CE5A682E69E9CE68891E5928CE588ABE79A84E794B7E4BABAE5A4AAE4BAB2E5AF86EFBC8CE4BB96E882AFE5AE9AE4BC9AE5BF8DE4B88DE4BD8FE58AA8E6898BE38082E69C89E4B880E5A4A9E68891E593A5E99ABEE5BE97E69C89E7A9BAE999AAE68891E9809BE8A197EFBC8CE68891E4B880E8B7AFE68CBDE79D80E4BB96E883B3E8868AE38082E7AA81E784B6E69C89E4BABAE68B8DE4BA86E4B880E4B88BE68891E593A5E882A9E88680EFBC8CE68891E593A5E5889AE8BDACE5A4B4EFBC8CE4B880E4B8AAE68BB3E5A4B4E8BF8EE99DA2E8808CE69DA5EFBC8CE4BB96E58F8DE5BA94E69E81E5BFABEFBC8CE5A4B4E4B880E5818FEFBC8CE8BAABE5AD90E4B880E8BDACE5B0B1E68A8AE5AFB9E696B9E689A3E4BD8FE4BA86EFBC8CE4B880E68AACE5A4B4EFBC8CE68891E794B7E69C8BE58F8BEFBC81E68891E794B7E69C8BE58F8BE4B99FE687B5E4BA863AE2809CE69599E7BB83EFBC9FE2809D0A0A
,,,0A0A0AE68891E69C80E7B397E79A84E4BA8BE88EABE8BF87E4BA8EE68080E79D80E6BF80E58AA8E79A84E5BF83E68385E78EA9E7B397E799BEEFBC8CE7BB93E69E9CE58F91E4BA863139E69DA1E4B880E69DA1E983BDE6B2A1E69C89E8BF87EFBC8CE5A4A7E7A59EE4BBACE4BDA0E4BBACE689BCE69D80E4BA86E4B880E4B8AAE5B9BCE5B08FE79A84E5BF83E781B5EFBC8CE8BF98E8AEA9E68891E4BBACE6808EE4B988E4B880E8B5B7E68489E5BFABE79A84E78EA9E8808DEFBC8CEFBC8CEFBC8CEFBC8CE280A6E6B182E8BF87E5958AEFBC8CE7ACACE4BA8CE58D81E69DA1E4BA860A0A
莫纳的世界,/users/30120003/,//pic.qiushibaike.com/system/avtnew/3012/30120003/thumb/20190605165037.jpg?imageView2/1/w/90/h/90,0A0A0AE6999AE4B88AE5928CE88081E585ACE4B880E8B5B7E79C8BE794B5E8A786EFBC8CE4BB96E7AA81E784B6E68A8AE794B5E8A786E4B880E585B3EFBC8CE5BF92E8AEA4E79C9FE59CB0E7BB99E68891E8AFB43AE68891E8AFA5E5B9B2E782B9E794B7E4BABAE5B9B2E79A84E4BA8BE4BA86EFBC81E68891E69A97E887AAE6809DE9878F3AE8BF99E698AFE8A681E5A4A7E5B9B2E4B880E795AAE79A84E88A82E5A58FE5958AEFBC81E69DA5E5958AEFBC8CE980A0E4BD9CE5958AE280A6E280A6E5B0B1E79C8BE8A781E4BB96E8B5B7E8BAABE8AFB4E588B03AE68891E58EBBE68A8AE59E83E59CBEE58092E4BA86E58EBBE5958AEFBC81E280A6E280A60A0A
石锅拌着饭,/users/28192478/,//pic.qiushibaike.com/system/avtnew/2819/28192478/thumb/20190507222958.jpg?imageView2/1/w/90/h/90,0A0A0AE8AFBBE5B08FE5ADA6E79A84E697B6E58099E5969CE6ACA2E78EA9E693A6E693A6E782AEEFBC8CE6AF8FE5A4A9E69C80E5969CE6ACA2E79A84E5B0B1E698AFE59CA8E5A5B3E5908CE5ADA6E8849AE4B88BE4B8A2E4B880E9A297E784B6E5908EE79C8BE4BB96E4BBACE8A2ABE59093E79A84E5B096E58FABE4BABAE8AFB4E587BAE69DA5E6B7B7E680BBE698AFE8A681E8BF98E79A84EFBC8CE4B880E5A5B3E5ADA9E5AD90E4B88DE5A0AAE8A2ABE68891E6ACBAE8BEB1EFBC8CE982A3E5A4A9E581B7E581B7E68E80E5BC80E68891E8A3A4E5AD90E4B8A2E4BA86E4B880E9A297E8BF9BE58EBBEFBC8CE7AD89E68891E58F91E78EB0E79A84E697B6E58099E5B7B2E7BB8FE6999AE4BA86E38082E59093E79A84E68891E8A3A4E5AD90E983BDE884B1E4BA86E8BF98E698AFE8A2ABE982A3E782AEE68A8AE8A3A4E8A386E782B8E79A84E4BA94E9A9ACE58886E5B0B8E38082E5A49AE5B9B4E4BBA5E5908EE68891E5A8B6E4BA86E5A5B9EFBC8CE5A5B9E6AF8FE5A49CE983BDE9A5AEE6B3AAE8808CE6B3A3EFBC8CE88081E585ACEFBC8CE5B08FE7AFAEE5AD90E99499E4BA86EFBC8CE5BD93E5B9B4E4B88DE8AFA5E5AFB9E4BDA0E982A3E4B988E78BA0E79A84E280A6E280A60A0A
小鸟任天驰,/users/35183297/,//pic.qiushibaike.com/system/avtnew/3518/35183297/thumb/2017110915323581.JPEG?imageView2/1/w/90/h/90,0A0A0AE8AEB0E5BE97E5B08FE697B6E58099E88081E788B8E59CA8E5AEB6E68EA5E794B5E7BABFEFBC8CE68891E59CA8E69781E8BEB9E79C8BE79D80E38082E6ADA3E8A681E68EA5E696ADE7BABFE5A484E79A84E697B6E58099EFBC8CE88081E788B8E5BF98E8AEB0E698AFE590A6E585B3E794B5E6BA90EFBC81E683B0E680A7E58D81E8B6B3E79A84E88081E788B8E68792E5BE97E8B5B7E8BAABE6A380E69FA5E794B5E6BA90EFBC8CE68BBFE79D80E794B5E7BABFE696ADE58FA3E5A484E59CA8E68891E6898BE88782E4B88AE5BFABE9809FE58892E68B89E4B880E4B88BE280A6E280A6E79C8BE588B0E68891E585A8E8BAABE68ABDE69090E4BA86E4B880E4B88BEFBC8CE88081E788B8E8BF99E6898DE8B5B7E8BAABE585B3E794B5E6BA90E280A6E280A60A0A
青春残像,/users/30508505/,//pic.qiushibaike.com/system/avtnew/3050/30508505/thumb/20151024085327.jpg?imageView2/1/w/90/h/90,0A0A0AE68891E4BBACE585ACE58FB8E69C89E4B8AAE68B86E8BF81E688B7EFBC8CE5AEB6E9878CE58D81E587A0E5A597E688BFE5AD90EFBC81E982A3E5A4A9E68891E5BE88E5A5BDE5A587EFBC8CE5B0B1E997AEE4BB96E38082E68891EFBC9AE4BDA0E5AEB6E8BF99E4B988E69C89E992B1EFBC8CE4B8BAE4BB80E4B988E4BDA0E8BF98E4B88AE78FADEFBC81E4BB96EFBC9AE8BF99E4BDA0E5B0B1E4B88DE68782E4BA86EFBC8CE8BF99E5BA94E8AFA5E5B0B1E698AFE5AEB6E5BAADE69599E882B2E79A84E585B3E7B3BBE38082E4BB96EFBC9AE4B88DE6ADA2E68891E4B88AE78FADEFBC8CE68891E788B8E4B99FE4B88AE78FADEFBC8CE68891E5A688E4B99FE4B88AE78FADEFBC8CE5B0B1E8BF9EE68891E5A5B6E5A5B6E4B99FE8BF98E59CA8E4B88AE78FADE38082E68891E983BDE69C89E782B9E683ADE684A7E4BA86E280A6E280A6E4BB96EFBC9AE4B88DE4B88AE78FADE68891E4BBACE782ABE5AF8CE7BB99E8B081E79C8BEFBC9FE68891EFBC9AE280A6E280A60A0A
,,,0A0A0AE58FAFE4BBA5E8AFB4E68891E4BBACE8BF99E9878CE5A8B6E88081E5A98620E7BB99E5A5B3E696B9E5AEB6E79A84E992B1EFBC8CE58FAAE99C80E8A681E4B8A4E4B889E58D83EFBC8CE8B5B0E8BF87E8B7AFE8BF87E4B88DE8A681E99499E8BF87E998BF0A0A
鸡蛋换盐两不欠钱,/users/42049812/,//pic.qiushibaike.com/system/avtnew/4204/42049812/thumb/20190524191542.jpg?imageView2/1/w/90/h/90,0A0A0AE4BB8AE5A4A9E590ACE8A1A8E593A5E8AFB4EFBC8CE69C89E4B880E5A4A9E4B8ADE58D88E4BB96E584BFE5AD90E78FADE4B8BBE4BBBBE68993E794B5E8AF9DE7BB99E4BB96EFBC8CE8AEA9E4BB96E7AB8BE588BBE588B0E5ADA6E6A0A1EFBC8CE8AFB4E8AF9DE8AFADE6B094E5BE88E4B8A5E88283E38082E8A1A8E593A5E6858CE4BA86EFBC8CE885BFE983BDE8BDAFE4BA86EFBC8CE5BF99E997AEE698AFE5B08FE5ADA9E4B8A2E4BA86EFBC8CE8BF98E698AFE68993E4BABAE4BA86E68896E88085E8A2ABE4BABAE68993E4BA86EFBC9FE88081E5B888E6B289E9BB98E4BA86E4B880E5B08FE4BC9AE8AFB4EFBC8CE8AFADE69687E6B58BE8AF95E6898DE880833830E58886E38082E8A1A8E593A5E4B880E590ACEFBC8CE4B880E59D97E79FB3E5A4B4E890BDE4BA86E59CB0EFBC8CE5AFB9E88081E5B888E8AFB4EFBC9AE5B0B1E8BF99E4B8AAE4BA8BE5958AEFBC9FE8BF99E4BA8BE68993E794B5E8AF9DE7BB99E68891E5B9B2E5989BEFBC9FE280A6E280A6E982A3E4B880E5B9B4E78FADE4B8BBE4BBBBE5868DE4B99FE6B2A1E7BB99E4BB96E68993E8BF87E794B5E8AF9DE280A6E280A60A0A
依丽若水,/users/33028477/,//pic.qiushibaike.com/system/avtnew/3302/33028477/thumb/20190609130126.jpg?imageView2/1/w/90/h/90,0A0A0AE5A496E794A5E5A5B3E7949FE79785E4BA86EFBC8CE58EBBE79C8BE5A5B9EFBC8CE5A790E8AFB4E5A5B9E5B7B2E7BB8FE5A5BDE4BA86E38082E6ADA3E59CA8E4B880E8BEB9E78EA9E79A84E5A496E794A5E5A5B3E7AA81E784B6E88496E5AD90E4B880E6A297EFBC8CE589A7E78388E592B3E597BDE8B5B7E69DA5EFBC8CE59698E79D80E7B297E6B094EFBC9AE2809CE68891E4B88DE8A18CE4BA86E2809DE38082E68891E7B4A7E5BCA0E8B5B7E69DA5E2809CE889BEE78E9BEFBC8CE8BF99E4B88DE58F88E58E89E5AEB3E4BA86E59097EFBC9FE2809DE5A790E6B7A1E784B6E4B880E7AC91E2809CE58887EFBC8CE8BF99E5B08FE4B8ABE5A4B4E58F88E9A68BE4BA86EFBC8CE683B3E5969DE6ADA2EFBC8CE592B3EFBC8CE7B396EFBC8CE6B586E4BA862E2E2E2EE2809D0A0A
你好i八月,/users/14498984/,//pic.qiushibaike.com/system/avtnew/1449/14498984/thumb/20190525234730.jpg?imageView2/1/w/90/h/90,0A0A0AE5B08FE79A84E697B6E58099E4B88DE788B1E7A9BFE5868520E8A3A4EFBC8CE88081E6849FE8A789E8A2ABE69D9FE7BC9AE4BD8FE68891E79A84E68890E995BFEFBC8CE5A688E5A688E8AFB4E4BA86E5A5BDE5A49AE6ACA1E4B99FE5B0B1E4B88DE7AEA1E4BA86EFBC81E79BB4E588B0E59B9BE5B9B4E7BAA7E697B6EFBC8CE68891E4BBACE4B88AE4BD93E882B2E8AFBEEFBC8CE88081E5B888E7BB84E7BB87E68891E4BBACE8B7B3E8BF9CEFBC8CE68891E6B7B1E8B9B2E4B88BE69DA5E79A84E4B880E79EACE997B4EFBC8CE4BCB4E99A8FE4BA86E68891E4B880E5B9B4E79A84E8A3A4E5AD90E7BB88E4BA8EE59CA8E69295E68B89E4B880E5A3B0E4B8ADE8A38620E983A8E7A0B4E8A382E8808CE5BC80EFBC81E59CA8E6B2A1E69C89E5868520E8A3A4E79A84E981AEE68EA9E4B88BE4B880E8A788E697A0E4BD99EFBC8CE68891E7BE9EE7BAA2E79D80E884B8E8BAB2E981BFE79D80EFBC8CE5908CE5ADA6E4BBACE8B79FE79D80E59BB4E8A782E79D80E38081E7AC91E79D80EFBC8CE69C80E8AEA8E58E8CE79A84E8BF98E698AFE4BA8CE4B8ABEFBC8CE7AB9FE784B6E794A8E6898BE69DA5E68FAAEFBC8CE982A3E4B880E588BBE68891E58F9120E8AA93E68891E4B880E5AE9AE8A681E68AA5E4BB87E380820A0A
最爱上弦月,/users/25711258/,//pic.qiushibaike.com/system/avtnew/2571/25711258/thumb/20150216100207.jpg?imageView2/1/w/90/h/90,0A0A0AE8AEB2E4B8AAE5969DE98592E79A84E79C9FE4BA8BE38082E4B880E5B8AEE69C8BE58F8BE8819AE9A490EFBC8CE7BB93E69E9CE5969DE8B5B0E4B880E4B8AAEFBC8CE589A9E4B88BE79A8439E4B8AAE4B880E4BABAE8B594E4BA8638E4B887EFBC8CE8BF99E4BA8BE59BA0E4B8BAE6B689E58F8AE8AF89E8AEBCE5898DE5898DE5908EE5908EE68B96E4BA86E58D8AE5B9B4E6898DE6909EE5AE9AE38082E5A4A7E5AEB6E69DBEE4BA86E58FA3E6B094EFBC8CE69C89E4BABAE68F90E8AEAEE8A681E5868DE8819AE8819AEFBC8CE8B081E79FA5E98193E58F88E5969DE8B5B0E4BA86E4B880E4B8AAEFBC8CE8BF99E59B9EE4B880E4BABA39E4B887E380820A0A
+Alex+,/users/25523356/,//pic.qiushibaike.com/system/avtnew/2552/25523356/thumb/20151024133031.jpg?imageView2/1/w/90/h/90,0A0A0AE4BB8AE5A4A9E8A1A8E593A5E8A2ABE5A5B6E5A5B6E79A84E78B97E592ACE588B0E4BA86EFBC8CE585B6E5AE9EE4B99FE4B88DE4B8A5E9878DEFBC8CE58FAAE698AFE7A0B4E4BA86E4B880E782B9E79AAEEFBC8CE4BD86E698AFE8A1A8E593A5E884BEE6B094E4B88AE69DA5E4BA86EFBC8CE689BEE4BA86E4B880E4B8AAE6A38DE5AD90E68A8AE78B97E68993E6ADBBE4BA86EFBC8CE78EB0E59CA8E788B7E788B7E5A5B6E5A5B6E5BE88E4BCA4E5BF83EFBC8CE68891E4B99FE5BE88E4BCA4E5BF83EFBC8CE78EB0E59CA8E5BE88E887AAE8B4A3E5BD93E697B6E6B2A1E69C89E68BA6E4BD8FE8A1A8E593A5EFBC8CE4B880E5BC80E5A78BE4BBA5E4B8BAE8A1A8E593A5E58FAAE698AFE683B3E69599E8AEADE4B880E4B88BE78B97EFBC8CE593AAE79FA5E98193E4BB96E69DA5E79C9FE79A84E4BA86EFBC8CE79BB4E68EA5E68A8AE78B97E68993E6ADBBE4BA86EFBC8CE5BD93E697B6E68891E983BDE582BBE4BA86EFBC8CE88491E8A28BE4B880E78987E7A9BAE799BDEFBC8CE78EB0E59CA8E68891E983BDE59CA8E683B3E698AFE68891E5AEB3E6ADBBE4BA86E78B97EFBC8CE5A682E69E9CE68891E68BA6E4BD8FE58FAFE883BDE4B88DE4BC9AE58F91E7949FE682B2E589A7E4BA86EFBC8CE59BA0E4B8BAE8BF99E4B8AAE6999AE4B88AE8BF98E5969DE4BA8634E4B8A4E79A84E799BDE98592EFBC8CE58FAAE698AFE6B2A1E98689E8BF98E698AFE683B3E588B0E5BD93E697B6E78B97E8A2ABE68993E6ADBBE79A84E68385E699AFE5B0B1E5BE88E4BCA4E5BF83EFBC8CE59CA8E8BF99E9878CE5B88CE69C9BE69C89E78B97E78B97E79A84E4BABAE8AFB7E5B9B3E697B6E59684E5BE85E887AAE5AEB6E79A84E78B97E78B97E590A70A0A
